ID;Sample;Country;Gender;Age;Subject_name;Subject;Study_years;Digital_tool;Type_digital_tool;Interface_comp1;Interface_comp2;Interface_comp3_R;Interface_comp4_R;Interface_comp5_R;Interface_aut1;Interface_aut2;Interface_aut3_R;Interface_aut4_R;Interface_aut5_R;Task_comp1;Task_comp2;Task_comp3_R;Task_comp4_R;Task_aut1_R;Task_aut2_R;Task_aut3_R;Task_aut4_R;Enga_FA1;Enga_FA2;Enga_FA3;Enga_PU1_R;Enga_PU2_R;Enga_PU3_R;Enga_AE1;Enga_AE2;Enga_AE3;Enga_RW1;Enga_RW2;Enga_RW3;Perc_learn1;Perc_learn2;Perc_learn3;Perc_learn4_R;Flourishing1;Flourishing2;Flourishing3;Flourishing4;Flourishing5;Flourishing6;Flourishing7;Flourishing8
1;1;8;1;23;Business analytics;3;4;R;2;4;4;3;2;3;5;5;2;1;1;5;3;2;3;2;1;2;2;3;4;4;3;2;3;5;5;5;5;5;5;6;6;6;3;7;3;4;3;5;2;7;5
2;1;8;1;22;Business and administration;3;2;Google docs;2;4;5;1;2;1;5;5;2;1;1;5;5;2;2;1;1;1;1;1;3;3;2;2;2;4;3;2;5;4;4;5;5;6;3;6;7;7;7;6;6;7;7
3;1;8;1;32;Finance;3;9;Slack/Python;4;5;5;1;1;1;5;4;2;3;1;5;5;2;2;1;1;1;2;2;2;3;1;1;1;4;3;4;4;5;4;5;5;6;2;7;7;7;7;7;7;7;7
4;1;8;1;26;Finance;3;6;kahoot/Canvas;3;4;5;2;3;3;4;4;2;3;3;5;3;2;2;2;2;2;1;4;3;3;2;2;3;4;4;4;4;4;4;4;5;5;3;5;5;5;5;5;6;6;6
5;1;8;1;26;Business analytics;3;4;Canvas;2;3;3;3;4;4;4;2;3;1;1;3;3;4;2;2;2;4;3;1;1;1;3;3;3;4;4;3;4;3;3;4;4;3;3;6;6;6;6;6;6;7;6
6;1;8;2;24;Business administration, finance;3;4,5;Kahoot;3;4;5;1;1;1;3;3;1;2;1;5;5;1;4;1;1;4;1;1;3;3;1;1;1;5;4;4;3;5;4;4;4;4;3;6;7;6;7;7;6;6;7
7;1;8;1;24;Economics, law;3;5;Google docs;3;5;5;2;1;1;4;4;1;3;1;4;4;1;1;1;1;1;1;3;3;2;1;1;2;4;4;4;4;4;3;5;4;5;4;6;6;6;6;6;6;6;6
8;1;8;1;24;Economics;3;3;Kahoot;2;5;5;2;1;1;5;4;2;1;1;5;4;2;1;1;1;1;1;4;4;4;1;1;3;3;4;4;5;5;5;5;6;6;2;7;7;7;7;7;7;7;7
9;1;8;1;23;Business analytics;3;4;Quizlet;3;5;5;1;1;1;4;3;1;1;1;5;5;1;2;1;1;1;1;3;4;3;3;1;1;4;4;4;5;5;3;6;5;5;1;5;6;5;5;6;4;3;6
10;1;8;1;22;Business;3;4;Kahoot/Google docs;2;4;4;2;2;2;3;4;2;2;2;4;4;2;3;2;2;4;2;2;4;4;2;2;2;4;4;4;4;4;4;4;4;4;4;7;7;7;7;7;7;7;7
11;1;8;1;23;Business and economics;3;3;Google docs;3;5;5;1;1;1;5;5;1;3;3;5;5;1;1;3;1;1;1;1;1;1;1;1;1;4;4;1;5;3;3;7;7;7;1;7;7;7;7;7;7;7;7
12;1;8;1;23;Economics;3;4;Excel;2;4;4;3;3;2;5;5;3;4;4;4;3;2;2;2;2;2;4;3;3;3;4;3;3;3;3;3;3;4;4;6;6;6;2;6;6;6;6;6;6;6;6
13;1;8;1;23;Finance;3;4;Rstudio;2;5;5;3;3;2;5;5;1;1;1;4;4;1;1;1;1;1;1;4;3;3;2;1;2;5;4;4;5;5;4;6;6;6;1;7;7;7;7;7;7;7;7
14;1;8;2;22;Economics;3;3;Kahoot/facebook;3;5;5;1;1;1;4;3;2;2;2;4;4;1;1;4;1;2;4;3;4;4;2;2;2;4;4;4;4;4;4;4;5;5;2;6;6;6;6;6;6;6;6
15;1;8;1;22;Business;3;2;Kahoot;1;5;5;1;3;1;5;5;1;1;1;5;3;2;2;1;1;1;1;1;1;1;3;3;1;4;3;3;4;4;5;4;3;3;5;7;7;7;5;5;5;5;6
16;1;8;1;25;Business;3;4;Podcast;1;5;5;3;3;3;5;3;1;1;1;5;5;2;3;1;1;1;2;4;4;4;2;2;4;3;1;3;5;5;5;7;7;7;1;6;6;7;6;7;6;6;6
17;1;8;2;36;Samfunnsøkonomi;3;8;LMS;3;5;5;2;2;1;5;3;2;2;2;5;4;2;1;2;3;3;1;1;4;3;1;2;2;3;3;3;3;3;3;2;3;4;4;7;7;7;7;7;7;7;7
18;1;8;2;24;Økonomi og administrasjon;3;3;Rstudio;2;4;2;4;3;2;4;4;3;2;2;4;3;4;2;2;2;2;2;3;4;4;4;3;3;4;3;4;4;4;5;6;5;6;3;6;7;6;6;6;7;6;6
19;1;8;1;23;Økonomi og administrasjon;3;3,5;Google docs;3;5;5;1;1;1;5;5;2;1;1;5;5;2;1;1;1;3;2;2;2;3;3;2;2;5;4;3;5;5;5;7;7;5;3;7;7;7;6;6;7;7;7
20;1;8;1;24;Økonomi;3;3;Facebook/Canvas;2;5;4;2;2;3;5;4;3;2;2;5;4;3;2;2;2;2;2;4;4;3;3;3;3;4;4;3;5;5;5;7;7;7;7;7;7;7;7;7;7;7;7
21;1;8;1;23;Økonomi;3;4;Microsoft office;2;5;5;3;2;1;5;5;3;1;1;5;5;1;1;1;1;1;1;3;3;4;2;1;1;5;5;5;5;5;5;7;7;7;7;7;7;7;7;7;7;7;7
22;1;8;1;23;Økonomi;3;3;Kahoot/Google Docs;3;3;3;3;3;3;5;3;3;2;2;4;4;3;2;1;2;1;2;1;2;2;3;3;3;3;4;4;4;3;4;5;5;5;2;6;7;6;6;7;6;7;7
23;1;8;1;23;Økonomi;3;3;Rstudio;2;3;3;5;4;3;5;2;2;1;1;3;3;3;3;1;4;3;1;1;1;1;3;3;2;4;4;3;4;3;4;4;4;4;2;7;7;7;6;7;7;7;7
24;1;8;1;22;Økonomi;3;2;Canvas;3;3;4;2;2;2;4;4;2;3;2;4;4;2;2;2;2;2;1;3;2;3;2;2;3;4;3;3;4;3;3;5;5;4;3;6;6;7;5;7;5;6;6
25;1;8;2;22;Økonomi og administration;3;2;Google docs;3;4;5;1;2;2;4;4;2;2;3;5;4;2;1;1;2;3;1;3;3;3;4;3;4;4;3;3;5;4;3;2;5;5;3;7;7;7;5;6;7;6;7
26;1;8;2;23;Økonomi;3;3;Kahoot;1;5;5;1;1;1;5;4;1;1;1;4;4;2;4;1;4;1;1;5;5;5;1;1;1;4;4;4;4;4;4;3;2;3;6;7;7;6;7;6;7;6;7
27;1;8;1;25;Finans/økonomi;3;5;Canvas;1;4;4;2;1;2;4;4;3;3;3;4;4;2;1;3;3;3;3;1;1;1;1;1;1;3;3;3;5;3;3;3;3;4;5;7;7;7;7;7;6;6;7
28;1;8;1;22;Økonomi;3;2;Google docs;3;3;3;3;2;2;4;3;2;3;1;3;3;3;2;1;2;3;2;1;2;1;3;3;3;2;2;1;4;3;2;3;3;3;6;1;1;5;1;5;1;5;4
29;1;8;1;26;Økonomi;3;5;Canvas;3;4;4;2;2;2;3;3;2;1;3;4;4;2;3;4;4;4;2;1;1;1;2;2;2;3;3;3;3;3;3;4;4;4;2;5;5;5;5;5;5;5;5
30;1;8;2;21;Økonomi;3;1;Google docs;3;4;4;1;2;1;5;4;2;2;2;4;4;1;1;1;2;3;1;1;1;1;2;2;2;4;3;3;5;4;3;5;5;4;3;6;6;6;6;5;6;6;6
31;1;8;2;21;Økonomi;3;3;Canvas;3;4;4;3;3;2;5;4;1;1;2;4;4;2;2;2;2;2;1;4;3;3;2;1;2;5;5;4;5;5;5;6;7;7;2;7;7;7;6;6;7;6;6
32;1;8;2;20;Økonomi og administration;3;1;Kahoot;3;5;5;1;1;1;3;5;1;1;1;4;3;2;4;1;1;2;1;4;5;5;3;1;1;5;5;5;5;4;5;4;3;3;4;7;7;7;7;7;7;7;7
33;1;8;1;23;Økonomi og administration;3;4;Google Docs;2;5;5;2;1;1;5;5;2;2;1;1;3;1;1;3;1;2;4;5;5;3;2;2;1;3;3;3;5;5;3;6;5;4;3;7;7;7;7;7;7;7;7
34;1;8;2;25;Økonomi og administration;3;4;Google docs;3;5;5;1;1;1;4;4;1;1;1;5;5;1;1;1;1;2;1;3;4;3;1;1;1;4;3;2;5;4;4;5;5;5;5;7;7;6;6;6;7;7;7
35;1;8;2;24;Økonomi og administration;3;4;Canvas;3;5;5;1;3;2;5;5;1;1;3;5;3;1;1;3;1;3;3;3;3;3;3;3;3;3;4;4;5;4;4;7;6;6;1;4;7;5;6;5;4;4;4
36;1;8;1;22;Økonomi;3;2;Google docs/Excel;3;3;4;2;2;2;5;3;2;2;3;3;3;2;2;1;2;2;2;3;3;3;2;2;2;4;3;3;4;5;4;5;5;6;4;7;7;7;6;6;7;7;6
37;1;8;1;23;Økonomi;3;2;Kahoot;2;4;5;1;1;1;4;2;4;1;2;5;3;2;1;3;2;2;4;1;2;2;4;1;2;4;2;3;3;4;4;3;4;4;6;6;7;7;6;6;6;7;6
38;1;8;1;22;Økonomi;3;2;Google docs;3;2;3;2;1;1;4;3;2;2;1;3;4;2;1;2;2;2;1;2;1;1;4;2;3;3;3;1;4;3;3;3;3;4;5;5;7;6;5;6;5;5;4
39;1;8;1;32;Informasjonsvitenskap;2;3;LMS;3;4;5;1;4;2;4;4;5;5;4;3;3;2;2;2;4;4;1;1;1;1;4;3;3;2;1;1;4;3;3;4;5;3;6;6;7;6;7;6;7;7;6
40;1;8;1;25;Informasjonsvitenskap;2;2;LMS/Kahoot/Coursera;3;5;5;4;4;1;5;5;1;1;1;5;5;1;1;1;1;1;1;1;1;1;1;2;2;4;5;4;5;5;5;3;3;3;3;7;7;7;7;7;7;7;7
41;1;8;1;34;Administrasjons organisasjon;2;4;LMS;1;4;4;2;2;2;4;3;2;2;2;4;4;2;1;3;1;1;1;2;2;2;2;2;2;3;3;3;4;4;2;4;4;3;4;6;6;6;6;6;7;7;5
42;1;8;2;22;Psychology;2;2;LMS/Kahoot;3;4;4;4;5;3;3;3;1;5;5;4;3;4;4;5;5;5;4;5;5;3;5;5;4;1;1;1;4;3;3;3;3;3;5;6;6;6;6;5;6;6;6
43;1;8;2;23;Geography;2;4;LMS;3;5;4;2;3;1;4;4;2;1;1;4;5;3;1;4;1;3;1;3;2;2;1;1;1;5;5;5;5;5;5;4;3;4;4;7;7;7;7;7;7;7;7
44; ;8;2;21;Psychology;2;3;LMS;3;5;5;2;2;1;3;5;1;1;1;4;4;2;2;1;4;4;1;1;1;1;2;1;1;3;4;4;4;4;4;4;5;5;2;6;6;5;5;6;6;5;6
45;1;8;1;27;Sammenliknende politikk;2;5;LMS;3;5;5;1;2;1;4;3;1;1;1;5;5;1;1;1;1;1;1;1;2;1;1;1;1;3;3;3;5;5;4;5;5;5;4;7;7;7;7;6;7;7;7
46;1;8;1;23;Sammenliknende politikk;2;3;LMS;1;4;5;3;5;4;3;1;1;1;1;5;2;2;5;4;4;4;2;1;2;2;5;5;5;1;1;1;4;1;1;3;2;1;7;7;7;7;7;7;7;7;7
47;1;8;1;25;Økonomi og infovitenskap;2;3,5;Canvas;2;4;4;1;2;2;4;4;2;2;1;3;3;1;1;4;3;4;2;1;1;1;1;1;1;4;4;4;4;3;3;4;3;2;5;6;6;7;6;7;7;7;7
48;1;8;2;22;Medier og kommunikasjon;2;3;LMS/Kahoot/STATA;3;5;4;3;1;1;4;4;2;2;2;4;4;2;1;1;1;1;4;1;3;4;2;3;2;4;4;4;4;4;4;4;4;4;1;6;7;7;7;7;6;5;6
49;1;8;2;22;Sammenliknende politikk;2;4;Rstudio;2;1;1;5;2;5;5;3;1;2;1;3;2;3;4;5;3;5;5;2;2;3;5;4;4;5;4;4;5;3;3;6;6;4;1;6; ;7;6;7;4;6;4
50;1;8;2;21;Samfunnsøkonomi;2;2;STATA;2;4;4;5;3;3;4;5;2;2;2;4;3;2;2;2;3;2;3;2;2;2;3;4;4;4;2;2;4;4;2;4;4;5;3;6;7;6;6;6;6;5;5
51;1;8;2;20;History;5;3;LMS/Kahoot;3;4;4;2;3;2;5;4;3;3;3;5;4;2;2;2;4;4;1;4;4;4;2;1;2;4;3;3;4;4;4;4;5;6;3;5;5;6;6;6;5;3;4
52;1;8;1;25;Informasjonsvitenskap;2;5;Code academy;3;4;5;2;2;1;4;4;4;1;4;5;5;2;1;3;2;2;1;4;4;4;4;2;2;5;5;5;5;5;5;6;5;6;3;5;6;7;7;6;6;5;6
53;1;8;2;40;History;5;7;LMS/Kahoot;3;3;3;3;3;3;5;3;3;3;3;3;3;4;3;4;5;3;3;5;4;4;2;3;3;5;3;3;4;4;4;7;5;7;4;6;5;6;6;6;5;5;5
54;1;8;1;26;Sociology;2;4;LMS/Kahoot;3;4;4;1;1;1;4;5;4;1;2;4;4;1;1;4;2;2;3;2;2;2;1;1;1;4;4;4;4;4;4;4;4;6;3;7;7;7;7;7;7;7;7
55;1;8;1;25;Sociology;2;3;LMS/Kahoot;3;4;4;2;2;2;5;4;1;1;2;4;4;2;1;2;3;3;3;1;1;1;2;2;2;3;3;3;4;3;3;5;5;4;3;4;5;5;5;5;6;4;5
56;1;8;2;23;Sammenliknende politikk;2;4;LMS;3;4;4;3;3;2;3;4;1;1;1;4;3;2;1;2;5;5;3;1;2;1;4;3;3;2;2;1;4;3;3;2;2;4;6;7;7;7;6;6;6;7;7
57;1;8;2;21;Sociology;2;3;LMS;3;4;5;2;2;2;4;4;3;3;3;3;3;3;3;3;4;4;3;1;1;1;4;1;1;3;3;3;4;3;2;3;5;2;6;7; ;6;6;7;7;7;7
58;1;8;2;24;Administrasjons organisasjon;2;5;Endnote;2;4;5;3;3;1;4;4;1;1;1;3;3;3;1;1;1;1;1;1;2;1;3;2;1;4;2;1;5;3;1;2;1;1;6;6;5;7;6;7;5;7;6
59;1;8;2;22;Samfunnsøkonomi;3;3;LMS;3;5;4;2;1;1;4;4;4;2;4;4;4;4;1;4;4;4;1;3;3;3;1;1;1;4;4;4;5;4;3;5;5;6;5;7;6;7;6;6;7;6;6
60;1;8;1;23;Sammenliknende politikk;2;4;Youtube/Facebook;2;4;5;2;2;1;5;5;1;2;1;5;5;1;1;1;1;1;1;3;3;3;2;1;1;4;3;5;5;5;5;7;7;7;1;7;6;7;6;6;7;6;6
61;1;8;2;28;Sosialantropologi;5;7;LMS;3;4;5;1;2;1;5;4;3;1;1;5;5;1;1;5;5;5;5;1;1;1;3;2;2;3;3;3;5;5;3;7;7;7;1;7;6;6;6;6;7;7;6
62;1;8;2;24;Psychology;2;5;Word;2;5;5;2;1;1;4;3;4;1;2;4;3;2;1;5;2;4;1;1;2;1;3;2;3;4;3;3;4;3;3;1;1;1;7;7;7;6;6;7;6;6;7
63;1;8;1;25;Administrasjons organisasjon;2;6;Endnote;2;4;5;1;1;1;5;4;1;1;1;5;4;1;1;1;1;1;2;1;3;3;1;1;1;5;4;4;5;5;4;6;6;7;2;6;7;7;5;5;5;7;6
64;1;8;1;29;Administrasjons organisasjon;2;7;LMS;1;5;5;2;2;2;3;4;2;2;1;4;4;2;2;2;3;4;2;4;3;2;3;2;3;4;4;5;4;4;4;5;5;6;3;5;6;6;5;5;6;5;5
65;1;8;2;24;Psychology;2;6;Google docs;3;5;5;2;2;1;5;5;1;3;1;5;5;1;1;1;1;1;1;4;4;3;1;1;1;4;2;3;5;5;4;5;6;6;4;7;7;7;7;7;7;7;7
66;1;8;2;23;Medievitenskap;2;4;LMS;3;3;2;3;4;2;3;1;2;2;1;2;2;2;1;1;1;2;1;1;1;1;3;4;3;4;3;4;4;4;3;2;3;3;4;5;5;5;6;3;5;6;5
67;1;8;2;22;Sociology;2;3;LMS;1;5;5;2;2;2;4;4;2;1;1;4;4;1;2;1;1;1;1;1;2;2;2;2;2;4;3;3;5;5;5;7;6;6;2;7;7;7;7;6;6;6;6
68;1;8;2;24;Informasjonsvitenskap;2;4;LMS;1;3;5;1;2;1;4;5;1;1;1;5;5;1;1;1;1;1;1;1;1;1;3;1;1;3;3;3;3;3;3;3;3;3;4;5;5;4;5;6;4;4; 
69;1;8;1;29;Psychology;2;8;LMS/Google docs/Face;3;5;5;2;2;1;5;4;3;2;3;5;4;2;2;2;1;2;3;3;3;3;2;2;2;4;4;4;4;4;4;6;6;6;2;6;7;7;6;6;6;7;7
70;1;8;1;26;History;5;6;LMS;3;3;4;2;3;2;4;3;3;2;2;3;4;2;2;2;4;4;2;1;1;1;4;3;4;3;4;4;4;3;3;3;3;3;5;5;6;4;5;6;5;5;5
71;1;8;1;25;Informasjonsvitenskap;2;4;LMS;3;3;2;4;4;4;3;3;2;3;1;4;3;4;1;5;2;5;3;1;1;1;3;3;4;2;2;2;5;2;3;4;5;6;2;6;6;6;5;5;7;7;6
72;1;8;1;25;Informasjonsvitenskap;2;2;LMS;3;4;4;2;2;2;4;4;3;2;3;3;3;3;2;3;3;3;3;3;3;3;4;4;4;3;2;2;3;3;3;3;2;2;5;6;6;6;6;6;6;6;6
73;1;8;2;22;Psychology;2;2;LMS;1;3;4;2;2;2;4;5;1;1;1;4;3;1;1;1;2;4;4;1;1;3;2;2;2;3;4;2;5;4;3;6;5;6;2;6;6;5;6;6;6;6;5
74;1;8;1;23;Sociology;2;3;LMS;3;4;4;2;3;1;3;3;1;1;1;4;4;2;1;4;2;5;3;2;2;4;2;2;2;4;3;1;5;4;4;6;7;7;1;7;7;6;7;6;7;5;6
75;1;8;1;23;Psychology;2;5;Onenote;2;4;4;2;2;2;4;5;1;1;1;4;3;1;1;1;1;1;1;1;1;1;1;1;1;4;3;2;4;4;3;2;3;3;2;7;7;6;6;6;7;6;7
76;1;8;1;25;Administrasjons organisasjon;2;5;Google docs;3;4;3;2;3;3;4;4;2;1;2;5;4;2;1;1;1;2;2;2;4;2;1;1;1;3;2;4;4;4;3;6;6;5;2;4;6;6;4;5;6;4;5
77;1;8;2;40;Psychology;2;5;LMS/Facebook; ;3;3;2;2;2;4;1;2;2;2;2;2;2;2;5;4;4;5;3;3;3;3;3;3;3;3;3;4;3;3;4;4;4;4;6;6;6;5;4;4;4;4
78;1;8;1;21;Psychology;2;2;Kahoot;3;3;5;1;2;2;4;4;2;2;3;4;4;2;2;4;1;2;1;3;4;3;2;1;2;4;4;4;4;4;5;4;3;3;4;5;6;5;6;5;6;3;6
79;1;8;1;21;Informasjonsvitenskap;2;3;Kahoot;3;5;5;1;1;1;5;5;2;2;2;5;5;1;1;1;1;3;1;2;3;3;1;1;2;5;3;3;5;5;5;6;6;6;2;4;5;6;5;5;4;4;6
80;1;8;1;30;Informasjonsvitenskap;2;3;Anki/Java/LMS;3;3;2;3;3;3;4;3;2;3;2;3;3;3;3;3;2;2;1;4;4;3;4;4;4;3;3;3;3;3;3;4;4;4;4;6;6;6;5;5;6;6;6
81;1;8;1;27;Informasjonsvitenskap;2;2;Google docs;3;5;5;2;1;1;4;4;2;1;1;5;5;1;1;1;1;2;2;3;2;2;1;1;1;4;4;4;5;5;4;5;5;5;1;6;6;6;6;6;6;7;5
82;1;8;1;24;Informasjonsvitenskap;2;5;Google docs;3;4;5;1;1;1;5;4;1;1;1;5;4;4;2;2;3;1;1;2;1;1;1;1;1;4;3;3;5;4;4;5;6;5;5;7;7;6;6;5;4;5;4
83;1;8;1;22;Psychology;2;4;Duolingo;1;2;5;1;1;1;4;4;3;4;2;4;4;2;2;2;2;3;1;4;4;4;2;2;4;5;5;4;3;3;4;3;3;3;5;6;5;7;6;6;4;7;6
84;1;8;2;27;Atferd og nevrovitenskap;2;4;LMS;3;3;3;3;2;2;3;2;1;1;1;3;3;2;2;1;5;4;2;1;1;1;3;3;2;1;2;2;3;3;2;2;2;2;6;3;6;5;4;5;5;5;5
85;1;8;1;23;Informasjonsvitenskap;2;3;LMS;1;4;4;3;4;3;3;2;5;2;4;3;2;3;2;5;5;5;1;2;2;1;4;3;3;2;2;2;3;2;1;2;2;2;6;6;6;6;6;6;7;6;6
86;1;8;2;29;Kulturvitenskap;2;8;LMS;1;3;5;1;1;1;3;5;3;1;1;3;3;3;1;3;4;3;5;1;3;3;3;1;2;3;3;3;3;3;3;2;1;2;4;6;5;7;6;6;6;6;5
87;1;8;2;22;Sammenliknende politikk;2;4;LMS/Kahoot/Java;3;4;3;2;1;2;5;3;2;2;1;3;4;2;1;1;1;1;2;3;2;3;3;1;3;2;2;2;4;4;3;5;5;5;3;6;7;7;7; ;6;5;6
88;1;8;1;26;History;5;7;Kahoot;3;3;5;1;5;1;4;2;3;3;3;5;3;3;1;3;3;3;1;3;4;3;2;1;1;4;3;3;3;4;4;4;4;3;2;7;7;6;7;6;5;6;6
89;1;8;2;22;Psychology;2;3;Kahoot;1;3;3;1;1;1;4;3;3;1;2;3;4;1;2;1;1;5;3;5;4;5;4;1;2;5;3;3;4;4;5;3;3;3;5;7;6;5;6;6;6;5;6
90;1;8;1;20;Samfunsøkonomi;3;2;LMS/Kahoot;3;4;4;2;1;1;5;3;2;2;1;5;4;1; ; ; ; ; ;3;3;4;2;2;1;4;4;3;4;4;3;4;4;4;1;6;7;7;6;5;6;6;6
91;1;8;1;22;Samfunnsøkonomi;3;2;LMS/Kahoot;3;3;3;2;2;2;3;3;2;2;2;3;3;3;2;2;2;2;2;2;2;2;1;1;2;3;3;3;4;4;3;4;4;4;4;6;6;6;5;7;6;6;6
92;1;8;2;23;Medier og kommunikasjon;2;3;LMS;3;4;3;3;4;4;4;5;4;2;1;4;2;3;2;4;3;4;4;2;2;2;3;5;3;4;4;4;4;3;3;4;3;2;6;4;6;6;5;6;6;6;6
93;1;8;2;25; ; ;5;MittUiB;3;3;5;2;1;1;4;4;3;1;1;4;4;1;1;3;4;5;3;1;1;1;1;2;1;4;4;3;4;3;3;4;3;3;5;6;7;6;5;6;6;6;6
94;1;8;2;29;Kulturvitenskap;5;5;Kahoot;1;5;5;1;1;1;5;5;4;1;3;5;5;1;1;2;1;1;1;4;5;4;2;1;1;4;4;4;5;5;5;4;4;4;1;7;7;7;7;7;7;7;7
95;1;8;1;25;Master i fysikk;1;6;Latex, Google Docs o;2;3;4;4;3;4;5;4;2;1;1;3;3;4;3;3;2;3;4;2;1;1;3;3;3;4;3;1;5;5;5;4;7;7;1;7;7;7;4;4;7;7;7
96;1;8;2;23;Pedagogikk;2;3;Kahoot;3;2;5;1;1;1;4;3;1;1;1;5;4;1;1;1;1;1;1;4;5;5;1;1;1;5;4;4;4;4;5;5;5;5;2;7;7;7;7;7;7;7;7
97;1;8;2;28;Miljøtoksikologi;1;4;Zotero;2;4;4;3;3;2;5;5;2;2;2;3;3;3;3;3;3;3;3;3;3;3;3;2;2;4;4;4;5;5;4;5;6;5;3;7;7;7;7;7;5;4;6
98;1;8;2;25;Mikrobiologi;1;5;Mendeley desktop;2;5;4;3;2;2;5;5;2;1;1;4;4;1;1;3;1;2;1;4;2;1;2;2;2;3;3;3;5;5;4;6;6;7;2;6;5;7;6;6;6;5;5
99;1;8;2;35;Realfag- molekylærbiologi;1;6;Excel;2;4;4;4;3;1;5;4;2;1;1;5;5;4;1;2;2;5;4;1;4;3;4;2;4;5;5;4;5;5;5;6;4;6;2;5;6;7;7;7;6;4;6
100;1;8;2;24;Marinbiologi;1;5;Kahoot;3;3;5;1;1;1;4;5;4;2;1;4;4;1;1;1;1;3;1;1;4;4;1;1;1;4;3;4;4;4;5;4;4;3;4;5;7;5;5;6;7;5;6
101;1;8;2;24;Miljøtoksikologi;1;4;mittuib;3;4;4;2;3;2;2;4;2;2;3;5;4;2;1;2;1;2;2;2;2;2;2;3;2;4;4;3;4;4;3;4;5;4;3;5;6;4;5;5;6;5;5
102;1;8;2;24;Biologi;1;4;GoogleScholar;3;3;3;1;1;1;5;3;1;1;1;4;5;1;1;1;1;2;1;3;4;3;2;1;1;1;1;1;4;4;5;6;6;6;1;7;7;7;7;7;7;6;7
103;1;8;2;23;Biologi;1;4;Google docs;3;5;5;2;3;2;4;5;1;2;1;5;5;1;1;1;1;1;1;1;1;1;1;1;1;3;3;4;4;4;4;4;4;4;1;7;7;7;4;4;7;7;6
104;1;8;1;26;biologi;1;5;Ocean data view;2;5;5;2;3;2;5;5;1;1;1;5;5;1;1;1;5;1;1;1;1;1;2;2;1;4;4;4;5;4;4;4;4;4;4;7;7;7;7;7;7;7;7
105;1;8;2;24;Fiskehelse;1;4;Socrative;3;5;5;1;1;1;4;4;1;1;1;5;5;1;1;1;1;1;1;1;1;1;1;1;1;4;3;3;5;5;4;6;6;6;2;7;7;6;6;7;7;6;7
106;1;8;1;31;Mikrobiologi;1;5;Rstudio;4;4;4;5;2;2;5;5;1;1;1;5;4;2;1;1;1;1;1;3;1;1;4;2;1;5;5;5;5;5;5;4;4;5;3;5;6;5;5;6;5;7;5
107;1;8;2;22;Biologi;1;4;Google docs;3;5;5;1;2;1;4;4;2;1;1;5;4;1;1;1;2;2;1;1;1;1;1;1;1;4;3;3;4;4;3;2;3;3;5;4;6;5;5;5;5;4;4
108;1;8;2;27;Fiskehelse;1;5;Mittuib;3;3;5;1;1;1;2;4;1;1;1;3;4;1;1;1;2;4;1;1;2;1;1;1;1;4;2;3;2;3;3;1;1;1;7;7;7;7;7;7;7;7;7
109;1;8;2;29;marinbiologi;1;3;RStudio;2;2;4;2;2;4;5;2;1;1;1;4;2;4;2;1;2;2;2;4;2;2;4;4;4;4;4;3;5;4;4;4;3;5;2;5;5;4;5;3;5;4;4
110;1;8;2;29;Havbruksbiologi;1;5;MittUib;3;5;5;2;2;1;5;4;3;1;3;5;5;1;2;4;5;5;5;1;1;1;1;1;1;1;1;1;4;4;3;5;5;5;3;7;7;7;7;7;7;7;7
111;1;8;2;25;marinbiologi;1;5;Google Docs;3;3;4;2;2;2;4;4;2;2;1;5;5;1;2;1;1;1;1;1;1;1;1;1;1;1;4;4;4;4;4;3;2;4;4;7;7;7;7;4;7;6;6
112;1;8;2;25;Marinbiologi;1;5;Khan Academy;3;4;5;1;1;1;5;5;2;2;1;5;5;1;1;1;2;2;1;2;4;4;1;1;1;5;4;4;5;5;5;7;7;7;2;7;7;5;6;5;6;6;6
113;1;8;1;25;Biologi;1;5;MittUiB, Kahoot, RSt;3;4;4;2;3;3;5;3;2;2;2;4;4;4;2;2;1;1;2;2;5;4;4;3;3;4;3;3;4;4;4;6;6;6;6;6;6;5;6;6;5;4;5
114;1;8;2;28;Fiskehelse;1;4;Google docs;3;4;5;1;2;1;4;4;2;4;4;5;4;1;1;1;1;3;1;4;4;4;3;3;3;4;1;2;5;3;3;4;4;7;4;7;7;7;7;7;7;7;7
115;1;8;1;23;Biologi;1;4;RStudio;2;3;2;5;3;4;5;2;2;3;3;2;3;4;3;2;3;2;2;3;3;4;4;4;4;4;3;2;5;3;3;5;5;5;2;6;5;5;5;5;5;6;6
116;1;8;2;25;Biologi;1;5;MittUiB;1;4;4;2;1;1;4;4;1;1;1;3;4;1;1;1;1;1;1;1;1;1;1;1;2;3;3;3;4;2;3;4;4;3;5;7;7;6;7;5;7;7;7
117;1;8;1;26;Biologi;1;5;Google Docs;3;4;4;2;3;2;3;3;4;3;2;4;3;3;1;3;3;3;4;1;1;1;1;1;2;2;2;2;1;1;3;5;5;5;5;5;5;5;5;5;5;5;5
118;1;8;2;22;Molekylærbiologi;1;4;Google docs;3;4;5;3;2;2;5;5;1;1;1;4;4;1;1;1;1;1;1;3;3;3;1;1;1;4;4;3;4;4;4;3;3;3;3;7;7;6;6;6;6;6;6
119;1;8;2;23;Molekylærbiologi;1;5;MittUiB;1;3;5;2;3;2;4;4;1;1;1;3;3;1;1;3;2;1;4;1;1;1;1;2;1;2;3;3;4;4;3;5;5;4;3;7;7;5;6;6;6;5;7
120;1;8;2;23;Toxicology;1;5;Googledocs, kahoot,;3;3;5;1;2;1;4;5;2;2;2;5;4;2;2;2;2;2;2;3;3;3;3;3;3;3;3;3;3;3;3;6;6;6;1;7;7;7;7;7;7;7;7
121;1;8;2;24;Biologi;1;4;Mendeley;2;4;4;4;2;2;5;4;3;2;2;4;3;2;2;3;2;2;2;1;1;1;3;1;1;5;2;2;5;4;4;3;3;2;2;5;5;5;5;6;6;5;6
122;1;8;2;24;Molekylærbiologi;1;4;Google transelate;3;3;4;1;1;1;4;2;1;2;4;4;4;2;1;2;1;1;1;1;1;1;4;1;1;5;1;1;5;5;1;7;7;4;1;7;6;6;4;5;7;6;4
123;1;8;2;35;odontologi;4;5;MittUiB, Kahoot, Goo;2;5;5;1;1;1;5;4;1;1;1;5;5;1;1;1;1;1;1;3;3;4;1;1;1;4;4;3;4;4;3;5;3;3;5;5;5;5;5;5;5;5;6
124;1;8;2;25;Marinbiologi;1;5;RStudio;2;1;1;5;4;4;5;2;1;3;3;1;1;5;3;4;3;3;3;4;5;4;5;4;4;4;4;3;4;4;4;2;2;4;1;7;7;7;7;6;7;7;6
125;1;8;2;22;Biologi;1;3;RStudio;2;2;1;5;3;4;5;4;1;1;1;4;2;5;2;5;2;4;2;1;4;4;5;4;4;5;3;2;5;5;5;7;7;7;1;7;7;7;7;7;7;7;7
126;1;8;2;22;biologi;1;3;kahoot;1;4;4;1;1;1;4;4;5;1;1;4;5;1;1;5;2;3;5;4;4;5;1;1;2;5;5;5;5;5;5;6;7;6;1;6;7;7;7;7;7;6;7
127;1;8;2;22;Bachelor i biologi;1;3;MittUiB;3;5;5;1;1;1;5;5;1;1;1;5;5;1;1;1;1;5;1;1;1;1;1;1;1;4;3;3;5;5;3;7;7;7;1;7;7;7;7;7;7;7;7
128;1;8;2;26;Biologi;1;2;Rstudio;2;3;2;2;3;3;3;2;2;3;2;4;2;2;2;3;3;3;4;4;4;4;5;4;4;2;1;2;4;3;3;3;3;2;6;4;5;4;5;5;6;4;4
129;1;8;2;21;Psykologi;2;2;MittUiB;1;4;5;2;4;2;3;4;4;2;1;4;4;2;1;3;2;4;5;1;1;1;1;2;1;3;2;2;4;3;3;4;4;5;3;6;6;7;6;7;7;7;6
130;1;8;2;23;Biologi;1;3;Mittuib, kahoot, Goo;1;4;4;1;3;2;4;3;4;2;1;4;3;4;2;4;2;4;3;1;1;1;4;1;1;3;3;3;4;3;3;4;4;1;4;7;7;7;4;7;7;4;7
131;1;8;2;20;Biologi;1;1;MittUiB;3;5;5;1;1;1;5;5;1;1;1;5;5;1;1;1;3;3;3;1;1;1;1;1;1;4;4;4;5;4;4;4;4;4;2;7;7;7;7;7;7;7;7
132;1;8;2;22;biologi;1;2;Quizlet;3;4;5;1;3;1;5;3;3;1;1;5;5;1;1;1;1;1;1;4;4;4;1;1;1;5;5;5;4;4;5;5;5;5;1;6;6;6;7;6;6;7;6
133;1;8;2;50;motivasjonspsykologi;2;7;OneNote;2;5;5;1;1;1;5;5;1;1;1;5;5;1;1;1;1;1;1;3;3;3;1;1;1;5;4;5;5;5;3;5;5;5;4;7;7;7;7;7;7;7;7
134;1;8;1;24;PSYK109;2;5;MittUiB;3;5;5;2;1;1;4;5;1;1;1;5;5;1;1;3;2;3;3;3;3;3;1;1;1;3;3;4;5;4;3;5;5;6;4;6;7;7;7;6;6;7;7
135;1;8;2;25;Biologi;1;0;One Note;2;4;4;2;3;2;4;3;1;1;1;4;4;2;1;1;1;1;1;1;1;1;1;1;1;4;4;4;5;4;4;5;5;5;3;7;7;7;7;7;7;7;7
136;1;8;2;21;Biologi;1;2;RStudio;2;1;1;4;4;5;4;3;3;4;3;1;1;5;4;3;4;3;4;3;3;3;5;5;5;2;3;4;4;4;4;3;4;2;6;3;3;1;2;5;4;3;4
137;1;8;2;20;Psykilogi;2;3;RStudio, Google Docs;3;5;5;1;1;1;4;4;1;1;1;5;5;1;1;1;1;1;1;3;2;2;1;1;1;4;3;2;2;2;4;3;4;3;5;5;6;7;7;7;6;7;6
138;1;8;2;24;Spes.ped;2;3;MittUib;3;5;5;1;1;1;5;5;1;1;1;5;5;1;1;1;1;1;1;1;1;1;1;1;1;3;3;3;5;3;3;7;6;6;2;5;7;5;6;7;6;6;5
139;1;8;1;21;Bachelor i Biologi;1;2;RStudio;2;2;2;4;3;4;5;3;4;2;1;4;4;4;3;4;2;3;3;3;4;4;4;3;4;3;4;2;4;4;4;4;4;5;2;4;4;4;3;3;4;3;6
140;1;8;2;20;Biologi;1;1;MittUiB;3;5;5;1;1;1;5;5;3;1;3;4;4;1;1;2;4;4;3;1;1;1;1;1;1;4;3;3;5;4;3;5;5;5;2;6;6;5;6;6;6;6;6
141;1;8;2;20;Biologi;1;2;quizlet,;3;3;5;1;1;1;5;4;3;1;1;5;5;1;1;1;1;1;1;1;1;3;1;1;1;4;3;3;5;5;5;4;5;6;2;7;7;7;7;7;7;7;7
142;1;8;2;26;Administrasjon og organisasjonsvitenskap;2;3;Google Docs;3;4;4;4;3;2;4;2;1;4;5;1;1;3;3;1;1;4;1;1;1;1;4;4;4;3;1;1;4;3;1;2;1;1;6;6;6;7;7;7;6;6;7
143;1;8;2;20;Biologi;1;2;khan academy;3;4;5;1;1;1;5;4;4;1;4;5;5;1;1;4;2;1;3;3;4;4;2;1;3;4;5;5;5;5;5;5;6;6;2;2;1;1;1;2;4;1;4
144;1;8;2;22;psykologi;2;3;Kahoot;3;5;5;1;1;1;4;4;4;1;1;5;4;1;1;4;2;4;4;4;4;4;1;1;1;5;5;5;5;5;5;6;6;6;2;6;7;6;7;6;7;6;7
145;1;8;2;21;Biologi;1;1;MittUiB;3;4;5;1;2;1;5;5;2;2;1;5;5;1;1;2;1;1;2;1;1;1;2;1;2;4;3;2;5;4;3;4;4;2;4;6;7;5;6;4;6;7;7
146;1;8;2;23;biologi;1;2;MittUiB;3;4;5;2;2;1;3;4;1;2;1;3;3;2;2;1;2;3;2;1;1;1;2;2;3;3;2;2;3;3;2;3;3;3;3;5;5;5;4;5;6;6;6
147;1;8;2;25;Motivasjonspsykologi;2;4;kahoot;1;4;4;1;3;1;4;4;3;1;1;4;5;1;2;2;2;4;4;4;4;4;3;2;2;3;4;4;4;4;4;4;3;2;4;5;7;5;7;7;7;7;6
148;1;8;1;21;Biologi;1;1;Artsapp;1;4;5;1;1;1;5;4;2;1;1;5;5;1;1;2;1;3;1;1;1;1;1;1;1;4;4;4;5;5;4;6;7;4;2;5;6;6;6;5;6;6;7
149;1;8;2;21;Biologi;1;1;MittUiB, Google Docs;2;4;4;3;2;3;4;4;3;3;2;4;5;2;4;4;2;1;3;4;2;2;1;4;1;4;5;4;4;4;4;4;5;6;1;3;5;4;7;6;4;5;6
150;1;8;2;21;biologi;1;2;MittUiB;2;4;4;1;1;1;4;4;1;1;1;5;5;1;1;5;3;5;3;1;1;1;1;1;1;3;3;3;3;3;3;4;4;4;2;3;7;4;6;6;4;3;7
151;1;8;2;22;Sosiologi;2;3;Kahoot;1;2;5;1;1;1;3;4;1;1;1;2;2;2;2;2;4;4;4;1;1;1;1;1;1;4;2;2;4;4;4;3;3;2;6;5;5;5;6;6;6;2;3
152;1;8;2;25;Musikkterapi;5;2;MittUiB;3;4;5;2;2;1;5;5;5;5;5;5;5;1;2;3;2;4;5;1;1;1;1;2;1;3;3;3;4;4;3;5;4;6;2;6;6;5;5;6;7;7;5
153;1;8;2;20;Biologi;1;1;MittUiB;1;4;4;4;3;2;5;4;1;1;1;5;5;1;1;1;1;2;4;2;2;2;2;2;2;4;4;4;4;4;3;7;7;7;1;6;6;6;6;6;6;6;6
154;1;8;1;21;Biologi;1;1;MittUib;3;5;5;3;2;1;4;4;1;1;2;5;4;2;1;1;3;1;1;2;2;1;3;2;2;2;2;3;3;3;3;4;4;3;3;5;5;6;5;7;5;3;6
155;1;8;1;24;Biologi;1;3;MittUiB;3;4;5;4;4;2;4;4;2;2;2;5;4;3;2;5;3;3;1;3;2;4;4;3;4;4;4;3;5;4;4;7;7;7;1;4;7;7;7;7;7;4;7
156;1;8;2;20;Biologi;1;1;Khan Academy;1;5;4;1;1;1;4;5;1;1;1;5;5;1;1;1;1;1;1;1;3;2;2;1;2;5;5;3;4;5;4;4;3;3;3;7;7;7;7;6;7;7;6
157;1;8;2;24;Biologi;1;1;RStudio;2;3;4;4;4;2;5;4;2;2;1;4;2;5;1;4;2;3;4;4;5;5;4;5;4;5;4;4;5;5;5;5;4;5;3;5;6;6;6;5;6;7;5
158;1;8;2;26;Biologi;1;1;MittUiB, Google Docs;3;2;2;3;3;2;4;4;2;3;3;3;4;2;1;2;2;4;2;4;4;4;2;2;2;3;3;3;3;3;3;3;2;1;6;7;5;5;6;6;7;7;6
159;1;8;2;22;biologi;1;2;Google docs;3;4;4;2;2;2;5;5;1;1;1;3;3;3;3;3;3;3;3;1;1;1;1;1;1;5;3;3;5;5;3;3;4;3;4;7;7;6;6;6;7;7;7
160;1;8;2;22;Biologi;1;0;MittUiB;1;5;5;1;2;2;5;5;1;2;1;5;5;1;1;2;3;3;3;3;4;4;1;1;2;4;3;3;2;4;3;3;5;4;4;7;7;7;7;7;7;7;7
161;1;8;2;20;Biologi;1;1;MittUiB;3;3;3;3;4;3;4;3;3;5;4;3;3;2;2;4;3;3;2;1;1;1;4;4;3;1;4;4;3;3;2;1;1;3;5;5;5;5;5;5;5;2;4
162;1;8;2;24;Biologi;1;2;MittUiB;1;5;5;3;1;1;4;4;3;2;2;5;5;2;2;2;2;2;2;2;3;3;3;2;2;4;5;4;4;4;4;4;4;4;4;7;7;7;6;5;6;7;6
163;1;8;1;38;biologi;1;2;kahoot;1;3;3;2;4;2;2;3;3;5;4;4;2;2;3;4;4;4;3;3;3;4;4;3;3;3;3;3;2;2;2;2;2;2;6;7;7;7;6;7;6;6;7
164;1;8;1;24;biologi;1;2;GoodNotes (iPad);1;5;5;4;4;2;5;5;2;3;3;5;4;2;1;2;2;2;3;2;3;3;2;2;3;4;4;4;5;5;5;7;6;6;6;7;7;7;7;6;7;7;6
165;1;8;2;29;Medisin;4;5;MittUib;3;5;5;1;1;1;4;5;1;1;1;1;1;1;1;1;4;4;1;1;1;1;1;1;1;1;1;1;2;3;3;4;4;1;4;7;6;6;4;6;7;7;7
166;1;8;2;22;Medisin;4;3;MittUiB;3;4;4;2;2;2;4;4;4;3;3;4;3;2;1;4;2;3;4;2;2;2;2;2;3;2;2;3;4;4;4;3;3;6;2;6;7;6;6;5;6;6;7
167;1;8;2;20;Psykologi;2;2;MittUiB;3;3;5;1;2;1;5;5;2;1;1;5;5;1;1;1;3;3;3;3;3;3;2;1;1;4;4;4;5;5;5;4;3;4;3;6;7;6;7;7;7;6;7
168;1;8;2;23;PSYK109;2;4;Kahoot;3;4;5;1;2;1;4;4;2;2;2;5;5;2;3;3;3;4;4;1;4;3;2;2;2;4;4;4;5;5;5;5;4;4;3;6;6;7;7;5;7;6;6
169;1; ;1;30;medisin;4;1;Youtube;3;5;5;1;1;1;5;5;1;1;1;5;5;1;1;1;1;1;1;1;1;1;1;1;1;5;3;4;5;5;5;7;7;7;7;7;6;6;5;6;6;6;6
170;1;8;2;20;Sosiologi;2;1;mittUib, Onenote, Go;2;5;5;2;2;1;5;5;1;2;2;5;4;2;1;2;1;1;2;2;3;3;2;2;1;4;4;4;4;4;5;6;6;6;2;7;6;6;5;7;7;7;5
171;1;8;1;22;Motivasjonspsykologi;2;1;OneNote;2;4;4;2;2;2;4;4;2;2;2;4;4;2;2;1;1;1;1;2;2;2;2;2;2;4;3;4;4;4;3;4;4;4;5;6;6;6;6;5;6;7;5
172;1;8;2;21;PSYK106, PSYK109, KIN100 og VIT212 denne;2;2;Mittuib,;3;5;5;1;4;5;1;1;4;5;5;4;4;2;5;5;4;3;4;5;5;5;1;2;4;5;4;5;5;5;4;6;6;6;2;4;6;5;7;5;5;5;6
173;1;8;2;27;Motivasjonspsykologi;2;7;MittUiB;3;4;5;2;1;1;4;3;1;2;1;4;4;1;1;1;2;1;2;1;2;2;1;1;1;3;4;2;3;3;4;3;3;2;6;6;7;7;7;7;6;7;7
174;1;8;2;20;generell psykologi;2;2;Anki;2;5;4;3;4;4;5;4;3;2;2;4;5;2;2;2;2;4;3;4;4;4;3;3;2;1;1;2;5;5;3;7;7;7;1;5;7;4;6;5;6;5;7
175;2; ;2;20;Pharmacy;4;2;Kahoot;3;4;5;1;1;1;4;5;1;1;1;5;5;1;1;1;1;3;2;2;1;1;1;1;1;4;5;4;4;4;4;5;6;6;1;4;7;6;7;7;7;4;6
176;2;6;2;23;Biology;1;4;Onenote;2;5;5;1;1;1;5;5;1;1;1;5;5;1;1;1;1;1;1;2;1;3;1;1;1;5;5;5;5;5;5;3;3;7;5;1;1;6;3;2;2;1;2
177;2;6;1;24;Engineering;1;6;courseera, canvas;3;4;4;2;2;2;4;4;2;2;2;4;4;2;2;2;4;4;4;2;4;4;2;2;2;4;4;4;4;4;4;6;6;6;2;6;6;6;6;6;6;6;6
178;2;6;1;20;finance;3;3;google docs;2;4;4;2;2;2;4;3;2;3;4;4;4;2;3;2;3;4;3;4;3;3;2;2;3;4;3;2;3;2;3;5;5;4;3;5;3;4;5;6;5;6;3
179;2;6;2;19;Biology;1;2;Google Docs;2;1;2;4;3;3;2;4;3;4;3;2;3;4;5;4;3;2;3;2;3;4;5;4;3;3;2;2;3;4;3;2;4;5;4;3;4;5;4;3;2;4;5
180;2;6;2;30;Historic Preservation & Art History;5;4;Vista;3;5;4;2;2;2;4;4;2;1;1;4;5;2;2;2;3;4;2;4;4;4;2;1;1;3;3;4;5;5;5;7;7;6;1;6;6;6;6;6;6;6;6
181;2;6;1;22;Accounting;3;3;Livescribe;2;4;4;2;2;1;5;5;1;1;1;5;5;1;1;1;3;3;2;2;3;3;1;1;2;4;4;4;5;4;4;5;6;6;1;6;6;5;5;6;6;7;6
182;2;6;1;18;Actuarial Science;1;1;Google Docs;2;5;5;1;1;1;5;5;1;1;2;5;5;1;1;1;1;1;1;2;3;3;1;1;1;1;2;3;5;5;5;1;1;3;7;7;3;6;3;7;7;7;6
183;2;6;1;18;General Studies;2;1;Quizlet;3;4;5;2;1;1;4;5;3;2;1;4;5;2;1;2;4;5;2;2;1;2;1;2;2;4;5;4;4;5;4;5;6;4;2;5;6;5;5;6;7;5;6
184;2;6;2;23;Computer Programming;1;1;powerpoint;2;5;5;1;1;1;4;4;1;1;1;5;4;1;1;1;1;1;1;1;3;2;1;1;1;3;4;4;5;5;4;6;6;6;2;5;5;5;5;6;7;7;6
185;2;6;2;35;business;3;1;google docs;4;5;5;1;1;1;5;5;1;1;1;5;5;1;1;1;1;1;1;1;5;5;1;1;1;5;5;5;5;5;5;7;7;7;1;7;7;7;7;7;7;7;7
186;2;6;1;25;Biology;1;3;Coursera;1;5;5;1;1;1;5;5;1;1;1;5;5;1;1;1;1;2;1;5;5;5;1;1;1;4;5;4;5;5;5;7;7;7;1;6;7;6;7;7;7;6;7
187;2;6;1;22;Business;3;4;Google suite, Adobe;2;5;4;4;2;4;5;3;3;4;5;3;4;5;4;4;5;4;5;4;5;5;5;3;4;4;5;3;4;5;3;6;6;5;5;6;5;7;6;6;5;7;7
188;2;6;2;19;Biology;1;2;Kahoot, Google Docs,;3;4;4;2;2;2;4;4;2;2;2;4;4;2;2;2;2;2;2;2;2;2;2;2;2;4;4;4;4;4;4;6;6;6;2;6;6;6;6;6;6;6;6
189;2;6;2;19;Mass Communications;3;2;Kahoot;3;5;5;1;1;1;4;3;1;1;1;4;3;1;1;1;2;4;1;1;1;1;1;1;1;4;5;5;5;4;4;3;4;5;2;7;5;6;6;7;7;7;6
190;2;6;2;24;computer science;1;3;Google docs;1;5;5;1;3;1;5;5;1;1;1;5;5;1;1;1;5;5;1;1;1;1;1;1;1;5;5;5;5;5;2;6;5;7;5;7;7;7;6;5;7;7;5
191;2;6;1;27;Business Administration;3;3;Google Docs;3;5;5;2;1;2;5;4;1;1;1;5;4;1;1;1;2;2;1;2;2;3;1;1;1;4;3;3;5;5;4;4;4;5;3;5;4;6;5;7;6;5;4
192;2;6;2;22;Mechanical Engineering;3;4;Google Drive, Google;1;4;4;3;2;2;5;5;3;2;2;4;4;2;2;3;3;3;2;2;2;2;2;2;2;4;4;4;4;4;4;5;6;5;3;6;4;5;6;6;7;7;7
193;2;6;1;19;Computer Science;3;2;Coursera;2;5;5;1;1;1;5;5;1;1;1;5;5;1;1;1;1;1;1;5;5;5;1;1;1;5;5;5;5;5;5;7;7;7;1;7;7;7;7;7;7;7;7
194;2;6;1;20;Biology;1;14;Google docs;1;4;3;5;4;3;4;3;4;3;4;4;4;2;3;4;3;4;3;4;3;4;4;3;3;4;3;3;4;3;4;4;5;4;4;4;5;5;4;4;5;5;4
195;2;6;1;21;Computer Science;1;3;Kahoot, Google Docs,;3;3;4;4;4;3;4;4;4;3;4;4;3;4;5;4;3;4;4;3;3;4;3;4;3;4;4;3;4;3;4;6;3;4;6;6;4;3;6;4;6;5;5
196;2;6;2;27;Healthcare Management;4;2;Blackboard, Evernote;1;5;5;1;1;1;5;5;1;1;1;5;5;1;1;5;1;1;1;5;5;5;1;1;1;5;5;5;5;5;5;7;7;7;1;7;7;7;7;7;7;7;7
197;2;6;1;19;Computer Science;1;2;Visual Studio Code;2;4;4;2;3;2;4;4;2;1;2;4;5;2;1;2;1;1;2;4;5;5;2;2;1;4;5;4;5;4;4;7;6;7;1;7;6;7;6;6;7;5;6
198;2;6;2;20;Chemistry;1;2;Kahoot, google docs,;1;5;5;1;1;1;4;3;1;1;1;5;5;1;1;1;3;2;2;3;2;2;2;1;1;4;3;3;4;4;4;4;5;4;2;6;6;6;5;7;5;6;5
199;2;6;2;23;social work;2;2;Google Docs;2;3;4;4;3;4;2;4;3;4;3;4;4;2;3;4;2;3;4;3;2;4;4;3;2;3;4;4;3;3;3;4;3;5;5;5;3;4;6;4;4;4;6
200;2;6;2;19;International Business;3;1;Duolingo;1;4;5;2;1;1;4;3;4;1;2;4;4;1;2;4;1;1;2;1;1;1;2;1;1;4;4;4;5;4;5;5;5;5;1;7;5;5;6;6;7;7;5
201;2;6;2;23;Theatre;7;4;Blackboard;3;4;4;2;3;2;4;3;4;4;3;4;4;1;1;4;4;4;2;1;1;2;3;2;3;2;2;2;4;4;3;4;4;5;3;5;2;3;5;4;3;2;4
202;2;6;1;23;Exercise Science;4;4;Google Docs, Kahoot,;3;4;4;4;4;2;4;4;2;3;2;5;5;2;2;2;2;2;2;1;2;4;1;2;1;4;4;4;4;4;4;5;5;6;2;6;6;6;6;6;6;6;6
203;2;6;1;30;BA; ;15;Facebook;1;5;3;4;4;5;3;4;5;3;4;4;5;3;4;4;5;4;4;5;4;5;3;4;4;5;3;5;5;4;5;6;7;5;6;7;5;6;6;7;5;6;6
204;2;6;2;24;Science/Nutrition;4;2;Google Docs;3;2;2;4;4;4;5;4;4;4;3;3;3;4;5;4;5;1;1;2;1;1;4;4;5;1;1;1;3;2;2;1;1;1;7;4;6;6;6;6;6;5;6
205;2;6;1;24;Computer Science;1;4;Coursera;3;5;5;1;1;2;4;4;1;2;2;5;5;2;1;1;1;1;4;4;5;5;1;1;2;4;4;3;4;5;4;7;6;6;3;7;7;7;7;6;7;7;5
206;2;6;1;27;Information Tecgnology;1;5;Coursera;2;4;4;3;3;2;4;4;3;3;2;3;4;3;2;2;3;4;3;2;3;3;4;2;2;4;3;3;4;4;4;5;6;6;3;6;5;6;6;6;7;6;5
207;2;6;2;24;Veterinary medicine;4;6;Google Docs;3;4;4;3;3;2;5;4;3;2;2;5;4;2;1;2;2;3;2;2;2;3;2;2;2;5;5;4;4;4;4;5;6;5;3;4;5;4;5;6;4;6;5
208;2;6;1;18;Business;3;1;Kahoot, Google Docs,;4;3;4;4;3;3;4;3;2;4;3;3;2;3;4;3;2;3;3;4;4;3;2;3;3;4;4;3;3;4;3;5;5;4;4;3;3;3;3;4;3;3;3
209;2;6;2;20;environmental science;1;2;google docs;3;5;5;4;2;2;4;4;2;2;4;4;4;1;2;2;1;2;1;1;1;1;2;1;1;4;4;1;5;4;2;6;5;5;2;5;6;3;5;5;5;6;5
210;2;6;1;21;Criminal Justice;6;4;cuny/blackboard;3;5;5;1;2;1;4;4;1;1;1;5;5;2;2;2;2;1;1;1;2;3;1;1;1;2;4;1;2;4;1;4;5;6;1;5;5;5;6;7;7;6;6
211;2;6;1;21;Engineering;1;1;Google docs;3;5;4;4;3;4;3;4;3;4;3;4;5;4;3;4;5;4;3;3;4;2;3;3;4;3;2;4;3;2;4;4;3;2;4;3;4;3;2;4;3;2;3
212;2;6;1;25;Architecture;5;5;Docs;4;4;4;3;3;4;3;4;3;3;2;4;4;4;3;3;4;4;4;4;4;4;4;4;3;4;4;3;4;4;4;6;5;6;6;6;5;6;6;5;6;6;6
213;2;6;2;21;criminal justice;6;1;microsoft word;2;3;2;5;3;1;3;4;2;3;4;2;5;1;3;5;2;4;2;5;2;5;4;4;1;4;5;2;3;2;4;7;3;6;3;3;6;2;5;5;3;6;3
214;2;6;2;19;Public Health;4;2;Duolingo;1;4;4;2;1;1;5;4;2;1;1;5;4;2;1;3;1;1;1;1;1;1;2;2;1;4;3;3;4;3;4;5;5;5;2;6;6;5;5;7;5;6;5
215;2;6;2;21;Education;2;4;Blackboard;1;4;4;2;2;2;4;4;2;2;2;4;4;2;2;2;2;2;2;2;2;2;2;2;2;4;4;4;4;4;4;6;6;6;6;6;6;6;5;6;6;6;6
216;2;6;1;21;Mathematics;1;3;Google Docs;3;4;4;2;3;2;4;5;1;2;2;4;5;2;1;1;3;4;1;1;1;1;2;2;1;4;4;3;4;3;3;4;4;4;3;5;6;5;4;4;5;5;4
217;2;6;2;23;Communications;3;3;Blackboard;4;5;5;2;2;1;4;4;1;1;1;4;3;1;1;2;3;2;1;2;1;2;4;2;1;4;2;3;5;4;3;3;4;2;4;3;2;4;4;5;3;5;2
218;2;6;2;36;Philosophy;5;2;Google Docs;3;5;5;1;1;1;5;5;1;3;1;5;5;1;1;1;4;4;1;1;1;1;3;1;1;4;4;2;5;5;4;5;6;5;2;6;2;6;2;7;6;6;6
219;2;6;1;22;criminal justice;6;5;kahoot;2;4;5;1;4;1;4;4;1;1;2;4;5;1;1;1;3;3;1;4;5;5;3;4;3;5;3;1;4;4;4;5;5;7;4;6;6;5;4;6;5;7;6
220;2;6;1;18;engineering;1;4;n;1;5;5;5;5;5;5;5;5;5;5;5;5;5;5;5;5;5;5;5;5;5;5;5;5;5;5;5;5;5;5;7;7;7;7;7;7;7;7;7;7;7;7
221;2;6;1;22;Economics;3;4;RStudio;2;3;2;4;2;4;4;2;2;2;2;4;2;4;2;2;3;3;2;4;4;4;4;4;4;2;2;4;4;4;5;6;6;6;2;5;5;5;5;5;5;5;5
222;2;6;2;29;business management;3;2;google docs, word, m;3;4;5;2;1;2;5;5;4;3;2;5;4;2;1;5;5;3;1;1;5;5;1;1;1;5;5;5;5;5;4;3;5;4;4;7;5;6;5;6;3;2;3
223;2;6;1;26;Linguistics;5;3;Moodle;3;5;5;1;1;1;5;5;1;1;1;5;1;1;1;1;5;5;5;1;1;1;1;1;1;1;1;1;5;5;1;1;1;1;1;1;1;1;1;1;1;1;4
224;2;6;1;24;Computer Science;1;6;Kahoot;3;3;4;2;2;2;4;4;2;2;2;4;3;2;2;3;4;2;2;2;4;2;2;2;2;4;4;3;3;3;4;3;5;2;4;4;5;5;5;6;5;4;5
225;2;6;1;26;Marketing;3;3;Evernote;2;5;4;5;2;2;5;5;1;1;1;5;5;1;4;1;1;1;4;1;3;4;1;1;1;5;5;4;5;5;5;7;6;7;7;4;4;5;3;5;4;5;6
226;2;6;2;21;Business Management & Accounting;3;1;Evernote;3;4;4;3;3;3;4;4;1;1;1;4;4;2;2;1;1;1;1;1;1;1;4;2;1;3;3;2;3;3;3;3;3;3;1;5;5;5;5;5;5;5;5
227;2;6;1;21;industrial engineering;1;3;google docs,lyda,che;4;5;5;2;2;2;4;4;2;2;1;3;2;4;4;4;4;2;2;4;4;4;4;3;4;4;3;4;4;4;4;6;4;5;2;1;1;3;5;6;5;5;4
228;2;6;2;20;criminal justice;6;3;Tophat;1;2;3;4;4;4;2;3;4;4;4;3;2;3;4;3;5;4;2;1;1;1;4;4;4;2;2;2;2;1;1;1;1;1;7;5;5;5;5;6;6;6;5
229;2;6;1;20;Communications;2;3;Kahoot;1;4;5;2;2;2;4;4;2;2;2;4;5;5;2;2;2;2;2;2;1;2;2;2;1;4;4;4;4;4;4;6;7;6;6;6;7;6;6;6;6;7;7
230;2;6;1;28;Information Technology;1;3;Visual Basic;3;3;4;5;4;4;3;2;5;5;5;4;2;4;1;1;1;4;1;2;3;5;4;2;3;1;5;3;5;5;3;4;5;5;1;5;7;3;5;7;6;6;4
231;2;6;1;19;Enginneering;3;1;TinkerCad;2;3;3;5;3;3;4;3;4;2;1;5;4;2;4;3;3;4;3;2;2;2;4;3;3;5;5;5;5;5;5;4;4;5;5;7;7;7;7;7;7;7;7
232;2;6;2;20;Nursing;4;2;Kahoot;1;5;5;1;1;1;4;4;1;1;1;4;5;1;1;1;4;4;2;1;4;4;1;2;1;2;3;1;4;4;1;4;4;2;1;6;6;6;4;5;6;7;5
233;2;6;1;26;math;1;1;google;1;3;2;4;3;4;4;5;1;3;4;3;4;5;4;4;2;3;4;1;4;4;4;2;2;5;3;4;5;4;5;5;4;4;5;5;4;4;5;7;6;5;7
234;2;6;1;19;Computer Science;1;2;Google Docs;1;4;5;2;2;2;2;4;2;3;2;4;4;2;1;2;4;3;2;2;1;1;2;1;3;2;4;4;3;4;3;6;5;5;4;5;5;4;5;6;5;6;5
235;2;6;2;37;social work;2;3;google docs;3;4;4;1;1;1;4;3;2;1;1;4;4;1;1;1;1;1;1;1;1;1;1;1;1;4;3;3;4;3;3;5;4;4;4;7;7;7;7;7;7;7;7
236;2;6;2;25;Communication;2;6;Google Docs;3;5;5;2;2;1;4;5;2;1;1;5;5;1;1;1;2;3;2;4;3;4;1;1;1;5;5;4;5;5;5;6;6;7;1;6;5;5;5;6;6;6;5
237;2;6;1;23;Computer Science;1;2;Udemy;3;5;5;1;1;1;5;5;1;1;1;5;5;1;1;1;1;1;1;5;5;5;1;1;1;5;5;5;5;5;5;7;7;7;1;4;5;5;5;5;5;5;5
238;2;6;2;24;hospitality management;4;16;canvas;1;3;3;3;3;3;3;3;3;3;3;3;3;3;3;3;4;3;3;2;2;2;2;2;3;3;3;3;3;3;3;3;3;4;4;4;5;4;4;5;5;4;5
239;2;6;2;22;Psychology;2;3;StudyBlue;3;5;5;1;1;1;4;4;1;1;1;5;5;1;1;2;1;1;1;2;2;3;2;1;1;4;4;4;5;5;4;7;7;7;1;3;2;5;5;5;4;1;4
240;2;6;2;21;chemistry;1;2;google docs;1;5;5;3;2;2;5;5;3;2;2;5;5;1;1;1;1;1;1;4;4;4;2;2;2;4;5;5;5;5;5;7;7;7;2;7;7;7;7;7;7;7;7
241;2;6;2;20;Psychology;2;3;"Google Docs; Other G";3;5;5;1;1;1;4;4;1;2;1;5;5;1;1;1;1;1;1;1;2;2;3;1;1;4;4;3;5;5;3;6;6;5;7;7;7;6;7;7;6;6;7
242;2;6;2;24;Anthropology;5;6;Canvas;2;2;2;1;1;1;4;3;2;2;2;2;2;4;3;4;4;4;3;2;1;1;3;2;2;2;3;2;3;2;2;3;3;3;4;6;6;6;6;6;6;6;6
243;2;6;1;22;Audio Production;7;2;Pro Tools;2;4;4;2;2;2;4;4;4;5;4;4;3;4;1;1;1;2;2;4;4;4;2;2;2;4;4;4;5;4;4;6;5;5;1;6;4;6;6;6;6;6;6
244;2;6;1;21;Mechanical Engineering;1;3;Webassign;3;5;5;5;5;5;5;5;5;5;5;5;5;5;5;5;5;5;5;5;5;5;5;5;5;5;5;5;5;5;5;7;7;7;1;7;7;7;7;7;7;7;7
245;2;6;1;18;mechanics;1;1;Kahoot, Google Docs;3;5;5;1;1;1;5;5;1;1;1;5;5;1;1;1;3;5;1;3;4;4;1;1;1;1;5;5;5;5;5;7;7;7;1;7;7;7;7;7;7;7;7
246;2;6;1;19;Business;3;1;Kahoot;1;4;4;2;2;3;4;4;1;1;1;4;4;1;1;1;3;4;2;3;2;3;2;2;2;3;4;3;4;4;3;4;3;5;4;5;5;5;6;5;6;5;6
247;2;6;1;19;Business;3;2;OneNote;2;4;4;5;4;4;4;3;4;4;4;3;3;4;4;5;3;5;4;4;4;5;4;5;4;4;3;4;3;3;4;5;4;6;5;6;5;6;4;5;4;6;4
248;2;6;1;30;Music;7;6;Tenuto;1;5;5;1;1;1;4;4;1;1;1;5;5;1;1;1;2;1;1;1;3;4;1;1;1;5;5;5;5;5;5;7;7;7;1;7;7;7;5;6;7;7;7
249;2;6;2;23;Veterinary Medicine;4;2;My text books.;3;4;3;2;2;1;4;4;3;2;2;5;5;2;2;2;2;1;1;1;2;3;1;1;1;3;3;3;4;4;5;6;6;6;1;4;5;6;6;6;5;7;5
250;2;6;1;18;CS; ;1;Moodle;3;5;4;1;2;2;4;3;2;2;1;4;5;2;3;4;5;5;2;1;2;2;2;1;2;3;3;1;3;4;4;3;4;2;5;3;2;3;2;5;4;2;2
251;2;6;1;21;Education;2;3;Kahoot;1;4;5;2;1;2;4;5;1;1;2;5;4;2;1;2;2;2;1;1;1;1;1;1;2;3;5;2;5;5;4;5;5;4;6;5;6;2;4;5;6;5;7
252;2;6;2;21;Exercise Science;4;3;Kahoot;1;4;4;2;2;2;4;4;2;2;2;4;4;2;2;3;2;4;2;3;4;4;2;2;2;4;4;4;4;4;4;6;6;6;3;5;6;5;5;6;5;6;5
253;2;6;2;37;Healthcare Administration;4;2;Facebook, Coursera;3;5;5;1;1;1;5;5;1;1;1;5;5;1;1;1;1;1;1;5;5;5;1;1;1;5;5;5;5;5;5;7;7;7;1;7;7;7;7;7;7;7;7
254;2;6;1;19;Finance;3;2;Google Docs;2;5;5;1;1;2;4;4;1;1;1;5;4;1;1;1;2;2;1;3;2;4;1;2;3;4;4;5;4;5;4;5;6;6;5;6;7;6;5;6;7;7;7
255;2;6;1;21;Business;3;3;Google Docs;3;4;4;2;1;1;4;5;1;1;1;5;5;1;1;1;1;1;1;1;1;1;1;1;1;3;2;1;5;5;3;6;6;6;1;7;6;7;6;7;7;7;7
256;2;6;1;25;math;1;1;ipad;4;3;4;3;1;3;1;4;3;3;4;4;3;3;2;2;3;4;3;4;4;1;3;5;3;4;4;3;3;2;3;3;2;3;3;3;3;1;6;7;5;3;1
257;2;6;2;23;Psychology;2;1;Google docs;1;3;3;2;2;2;4;4;1;1;1;3;3;2;2;1;4;4;1;1;1;1;3;2;2;3;3;3;3;2;1;2;2;2;6;1;1;1;1;1;1;1;1
258;2;6;2;21;Computer Science;1;4;Khan Academy;3;5;5;1;3;1;3;4;2;2;1;5;5;1;1;2;2;2;1;3;2;2;2;1;1;4;4;4;5;4;4;6;5;5;2;2;4;4;3;3;3;1;4
259;2;6;2;21;anthropology;5;4;facebook, google doc;3;3;3;2;2;4;3;3;3;4;2;4;3;3;3;3;2;3;3;3;3;3;3;3;4;3;4;3;5;3;3;2;2;2;3;2;3;3;5;3;3;5;5
260;2;6;1;22;computer science;1;2;github;3;3;4;4;2;4;3;4;3;4;3;4;4;4;3;4;4;4;2;3;2;4;3;3;4;4;4;2;2;4;3;3;5;4;6;5;4;5;5;5;6;5;5
261;2;6;1;21;Psychology;2;3;Google Docs;2;4;4;1;1;1;3;4;1;1;1;4;4;3;1;1;1;1;1;1;1;1;1;1;1;1;1;1;1;1;1;4;4;4;4;4;4;3;3;4;4;1;4
262;2;6;1;24;computer science;1; ;google docs;4;5;5;5;5;5;5;5;5;5;5;5;5;3;5;4;3;4;3;3;3;4;4;4;4;4;4;4;4;4;4;6;6;6;6;6;7;6;7;6;7;7;7
263;2;6;1;37;Creative Writing/English;7;2;google docs, microso;2;5;5;4;2;2;5;5;1;3;1;5;5;1;1;1;1;1;1;3;3;3;1;1;1;5;5;5;5;5;5;7;7;7;1;4;4;4;4;4;4;4;4
264;2;6;2;21;communications;3;2;google docs;2;5;5;3;2;1;5;5;1;1;1;5;5;2;1;1;1;1;1;1;5;5;1;1;1;4;4;4;4;4;5;7;7;7;2;7;7;7;7;7;7;7;7
265;2;6;2;19;Health and exercise science;4;2;Quizlet;1;4;5;1;1;1;5;4;2;1;1;4;5;1;1;4;2;1;1;1;1;1;3;1;1;3;2;2;4;4;3;4;5;5;2;5;3;5;4;4;5;6;4
266;2;3;2;22;History;5;5;Facebook;3;3;1;3;2;3;2;2;2;3;3;2;3;3;2;4;4;2;3;2;3;3;3;3;3;1;3;2;4;5;3;4;2;4;4;3;4;4;2;4;7;7;4
267;2;6;2;27;education;2;3;google docs, prezi,;3;5;5;2;1;1;5;5;1;2;2;5;5;1;1;1;2;2;1;2;2;1;2;1;1;3;3;2;4;3;4;7;7;7;1;6;6;6;6;6;7;7;7
268;2;6;3;21;Psychology;2;4;Kahoot;3;5;5;2;2;1;4;4;1;1;1;3;4;1;1;1;1;4;1;2;2;4;1;1;1;4;4;4;4;4;4;4;3;3;5;3;6;5;5;5;3;1;5
269;2;6;1;22;Computer science;1;2;codeacademy;2;4;4;2;1;2;4;5;3;1;1;4;3;2;2;1;1;1;1;2;3;4;3;2;1;4;3;4;5;5;5;6;6;7;1;5;6;5;4;6;6;3;4
270;2;6;2;21;music;7;3;blackboard;2;4;5;3;4;3;3;3;4;4;3;3;4;4;5;4;5;4;4;2;2;1;5;4;4;2;1;2;2;1;1;2;2;2;5;5;5;6;5;5;5;5;5
271;2;6;1;20;Computer Science;1;3;Pycharm ide;2;3;2;2;1;2;4;4;4;2;1;4;4;1;1;5;2;1;1;5;3;4;3;2;1;5;5;5;4;4;4;6;6;6;6;5;5;6;6;6;6;3;6
272;2;6;2;23;Biology;1;5;kahoot, facebook,;1;5;5;2;2;2;4;4;1;1;1;5;5;1;1;1;4;3;1;1;3;1;1;1;1;4;4;4;4;3;4;5;5;5;1;7;6;6;6;7;7;7;7
273;2;6;1;19;Business;3;2;Google docs, word, e;3;5;4;3;2;2;4;3;4;3;2;3;3;2;2;2;4;4;1;3;2;2;4;2;3;3;2;4;3;4;3;4;4;3;2;4;5;2;6;4;3;5;4
274;2;6;2;23;Nursing;4;5;Google Docs;3;5;5;3;4;3;5;5;1;1;1;3;3;1;1;1;5;5;1;1;1;1;1;3;1;3;3;1;4;4;3;4;4;4;2;4;5;4;4;7;4;3;4
275;2;6;2;26;English;5;10;Lumerit Education;3;4;5;2;2;2;4;4;3;1;1;4;4;2;3;4;4;3;5;2;3;3;4;2;3;3;3;3;5;5;3;7;6;7;1;6;6;5;6;6;7;7;6
276;2;6;1;24;computer science;1;2;Google Docs;2;5;4;4;4;3;4;3;3;4;4;3;4;4;4;5;4;3;5;5;4;4;4;3;5;4;4;3;5;4;5;5;6;6;6;6;7;6;6;7;6;7;7
277;2;6;1;18;Information Systems;1;1;Kahoot;3;5;5;1;2;1;5;5;1;1;1;5;5;1;1;1;5;5;1;1;1;1;4;1;1;5;5;5;5;5;5;7;7;7;1;7;7;7;7;7;7;7;7
278;2;6;2;25;Accounting;3;2;Google Slides;3;4;4;2;2;2;5;4;1;1;1;4;4;1;1;1;3;3;1;1;1;1;1;2;2;4;4;3;4;4;4;4;6;5;3;6;5;5;3;6;6;7;5
279;2;6;2;19;Mechanical Engineering;1;1;Notability;1;5;5;2;2;2;4;4;1;1;1;5;5;1;1;1;1;1;2;1;2;4;2;1;1;4;4;4;5;5;4;5;5;5;2;3;3;5;3;5;5;5;5
280;2;6;1;21;International Business Teaching;2;3;Chegg;3;5;5;4;3;1;3;5;1;1;1;5;5;1;1;1;1;1;1;4;3;2;1;1;1;5;4;5;4;5;5;7;7;7;1;7;7;7;7;7;7;7;7
281;2;6;1;24;Engineering;1;3;Google Docs;2;4;4;2;2;1;4;4;1;3;2;4;4;1;1;2;3;4;1;1;2;2;3;2;3;3;4;3;3;4;3;3;4;4;2;5;4;3;3;2;3;4;4
282;2;6;2;25;Finance;3;5;Google Docs, Pearson;3;5;5;2;3;2;4;5;1;1;1;5;5;1;1;1;3;3;4;2;3;4;4;2;3;4;4;4;4;4;4;6;6;6;2;5;6;5;6;6;6;6;3
283;2;6;1;37;Psychology;2;3;Googlr Docs, Scholar;1;5;5;2;1;1;5;4;2;1;1;5;5;1;1;1;1;1;1;1;2;5;2;1;1;5;5;5;5;5;5;4;6;6;1;5;3;2;4;3;4;3;2
284;2;6;1;25;Psychology;2;4;Google Docs;2;4;4;4;4;1;4;5;3;1;1;5;5;4;1;2;2;3;2;1;4;4;2;3;2;4;4;4;4;4;4;4;4;4;1;4;5;4;4;6;3;4;4
285;2;6;1;20;programming;1;1;Google docs;2;5;5;2;2;1;5;5;2;2;2;5;5;2;2;2;2;2;2;4;4;4;2;2;2;3;3;3;4;4;4;7;7;7;1;5;5;5;5;5;5;3;4
286;2;6;1;18;Mathematics;1;1;Google Docs;3;4;4;2;1;1;4;5;2;1;1;5;5;1;1;1;1;2;1;2;2;2;1;1;1;2;2;3;4;4;3;3;4;4;2;5;5;6;4;5;5;5;4
287;2;6;1;23;Engineering;1;4;Google Docs;2;3;4;4;3;1;3;3;4;3;4;3;4;3;4;3;3;4;4;3;4;3;1;1;4;5;5;4;4;4;5;6;4;5;6;5;4;5;5;6;5;5;3
288;2;6;1;31;Japanese Language;5;4;Duolingo;1;5;5;2;1;1;4;4;2;1;1;5;5;2;1;1;1;1;3;3;2;3;1;1;1;4;4;4;5;5;4;7;6;6;1;5;7;5;4;6;6;6;6
289;2;6;2;22;Nursing;4;5;Microsoft PowerPoint;4;4;5;2;2;1;4;4;1;1;1;5;5;1;1;1;1;2;1;2;2;2;1;1;1;4;4;4;4;3;3;3;4;6;2;5;5;5;6;6;6;6;6
290;2;6;1;22;Computer Science;1;3;Canvas;2;4;5;2;3;1;4;5;1;1;1;5;5;2;1;1;4;4;1;1;1;1;3;3;1;4;3;4;5;3;2;5;5;2;6;7;7;6;5;7;7;7;6
291;2;6;2;22;Animation;7;4;Google Docs;3;5;5;1;1;1;5;5;1;5;1;5;5;1;4;1;2;5;1;1;1;4;1;1;1;5;5;5;5;5;5;7;6;7;6;7;7;6;7;7;7;7;7
292;2;6;1;22;Computer Science;2;16;Google Doc, Youtube,;2;5;5;1;2;1;4;5;1;5;2;5;5;1;1;1;1;1;1;3;4;4;2;2;4;3;3;3;4;4;4;5;5;5;5;5;6;4;5;7;5;6;5
293;2;6;1;20;Computer Science;2;3;RStudio;2;5;5;2;2;2;4;5;1;1;1;5;5;1;2;1;2;3;2;5;5;4;2;1;1;1;1;3;5;5;5;7;7;7;1;6;7;7;6;7;7;7;7
294;2;6;2;18;French;5;4;google translate;3;4;4;2;2;2;1;2;3;1;1;4;4;2;3;3;4;4;2;2;2;3;3;3;2;1;2;2;2;2;2;5;3;4;4;2;2;4;4;4;3;3;3
295;2;6;1;28;Physics;2;3;Google Docs;3;5;5;1;1;1;5;5;1;1;1;5;5;1;1;1;1;1;1;1;4;2;1;1;1;5;5;5;5;5;5;7;7;7;3;7;7;7;7;7;7;7;7
296;2;6;2;28;Business;3;3;Word;2;5;5;3;2;1;4;4;1;1;1;5;5;1;1;1;2;2;1;1;2;2;1;1;2;3;3;2;3;3;3;3;4;4;4;6;6;6;5;5;7;5;7
297;2;6;2;32;Medicine;4;3;Coursera, Google Doc;3;4;4;2;4;2;5;4;2;2;2;4;4;2;2;2;2;2;2;1;1;4;2;2;2;4;4;4;4;4;4;6;6;6;2;6;6;6;6;6;6;6;6
298;2;6;2;21;Mechanical Engineering;1;4;Google Docs;3;5;5;1;1;1;4;4;1;1;1;4;4;1;1;1;2;1;1;1;3;3;2;1;1;4;4;4;4;4;4;4;5;4;1;7;7;7;7;7;7;7;7
299;2;6;2;20;Fine Arts;7;1;Kahoot, Google Docs,;3;5;5;1;1;1;5;5;1;1;1;5;5;1;1;1;1;1;1;1;1;4;1;1;1;5;5;5;5;5;5;7;7;7;1;7;7;7;7;7;7;7;7
300;2;6;1;25;Art History;7;4;Notion;1;5;5;2;1;1;5;5;1;1;1;5;5;1;1;1;1;1;1;4;4;4;1;1;1;5;5;5;5;5;5;5;5;5;1;5;6;6;6;6;6;6;6
301;2;6;2;22;Economics;3;4;Kahoot;3;4;4;5;5;4;5;4;5;5;4;4;4;4;4;3;3;3;4;4;3;3;4;3;4;4;3;5;4;4;4;4;5;6;6;4;4;4;5;5;7;5;5
302;2;6;1;28;Computer Programming;1;3;Udemy, Github, Googl;3;5;5;1;1;1;5;5;1;1;1;5;5;1;1;1;1;1;1;3;4;4;1;1;1;4;5;5;5;5;5;7;7;7;1;7;7;7;7;7;5;6;5
303;2;6;2;19;computer science;1;2;google docs;3;5;3;4;3;3;2;3;4;3;3;4;3;4;5;5;2;2;1;1;2;2;1;1;1;3;4;4;4;4;4;6;5;3;4;5;4;4;4;5;3;4;4
304;2;6;2;31;Healthcare;4;5;Google Docs;2;4;5;4;2;1;4;4;2;1;1;5;4;4;2;1;1;3;2;2;2;3;3;4;2;1;2;2;4;4;5;5;6;5;2;6;5;5;6;6;6;5;6
305;2;6;1;25;Finance;3;4;Google Docs;2;4;4;2;2;2;4;4;3;2;2;4;4;2;2;2;3;2;2;1;1;2;3;2;3;3;2;3;4;4;3;4;4;3;3;6;6;6;7;6;6;7;5
306;2;6;1;20;Economics;3;2;Google Docs;2;5;5;1;1;1;1;4;1;1;1;4;4;4;1;1;1;1;1;3;2;2;1;1;1;4;4;4;4;4;4;6;6;6;2;6;6;6;6;6;6;6;6
307;2;6;2;22;Biomedical Sciences;1;4;Google Docs;3;5;5;1;2;2;5;4;1;1;1;5;5;1;1;1;1;3;1;1;4;1;1;1;1;5;4;4;5;5;4;7;6;4;2;2;3;6;5;7;6;3;6
308;2;6;1;31;Film;7;1;Google Docs, FAceboo;1;5;5;5;5;5;5;5;5;5;5;3;3;3;3;3;3;3;3;3;3;3;3;3;3;3;3;3;3;3;3;4;4;4;4;4;4;5;4;5;5;4;4
309;2;6;2;21;Biology;1;2;Linkedin learning, C;3;4;3;4;4;2;4;3;2;2;1;4;4;2;2;2;3;2;3;2;2;2;2;3;2;4;3;3;4;4;3;5;4;4;2;4;5;4;5;5;4;4;3
310;2;5;2;23;Film Studies;7;1;Moodle;3;5;5;2;2;2;4;4;2;2;2;4;4;2;2;2;3;3;3;4;4;4;2;2;2;4;4;4;4;4;4;6;6;6;2;6;6;6;6;6;6;6;6
311;2;6;1;35;business;3;1;facebook;4;4;4;2;3;4;4;4;2;4;2;4;4;2;2;2;3;4;2;2;3;4;2;2;2;3;4;3;4;4;4;4;4;5;2;5;4;5;5;5;5;5;5
312;2;6;2;21;marketing;3;3;quizlet;3;5;5;2;2;1;5;5;1;1;1;5;5;1;1;1;1;1;1;1;1;1;1;1;1;1;3;4;5;5;5;7;7;7;1;7;7;7;7;7;7;7;7
313;2;6;1;25;Information Technology - Information Sec;1;3;Connect;3;5;5;3;3;3;4;5;5;3;4;5;5;3;2;4;5;5;4;5;5;5;4;2;3;2;3;3;4;4;4;5;5;6;3;5;2;6;4;5;4;7;4
314;2;6;1;19;Engineering;1;3;Facebook;2;1;2;3;3;3;2;3;4;5;4;1;2;3;4;4;4;3;2;2;3;4;4;5;5;5;4;3;3;3;4;2;3;4;6;6;5;4;3;2;1;2;3
315;2;6;1;19;Business;3;2;Goodnotes;1;4;5;2;2;1;5;5;2;2;2;5;5;1;1;1;1;2;2;1;1;2;1;1;1;4;5;5;5;5;5;6;6;7;2;6;6;6;6;6;6;6;6
316;2;6;1;20;Attitudes towards digital learning tools;5;14;twitter, snapchat, I;1;5;5;5;5;1;5;5;5;1;1;5;5;5;5;5;5;5;1;1;1;5;1;1;1;5;5;5;5;5;5;7;7;7;7;7;7;7;7;7;7;7;7
317;2;6;1;23;Computer Science;1;4;Cengage;3;5;5;2;1;1;4;5;3;2;2;5;5;1;1;4;3;4;2;4;3;2;1;1;3;3;4;2;5;4;4;4;3;6;3;4;3;5;4;6;5;6;3
318;2;6;2;21;English;5;3;Google docs;3;5;4;2;2;1;5;4;1;1;1;5;5;1;1;1;1;1;1;2;2;2;1;2;2;5;5;5;5;4;4;4;4;5;2;6;7;5;7;5;6;6;5
319;2;6;1;30;Library Sciences;5;1;Google Docs, Courser;3;4;4;2;2;2;4;4;3;3;3;4;5;2;2;2;4;2;3;1;2;2;3;3;3;3;3;4;4;3;3;5;5;5;3;4;3;5;5;6;5;3;4
320;2;6;1;23;Information Technology;1;4;Coursera;3;4;4;3;3;4;4;3;4;4;4;4;4;3;3;4;4;3;4;4;4;3;3;2;3;4;3;3;4;4;3;5;5;4;5;5;5;4;4;5;6;5;5
321;2;6;1;24;Multimedia and Programming;7;6;GoogleDocs, Photosho;2;5;4;4;5;4;4;5;4;5;4;4;5;3;5;4;3;5;4;4;4;4;5;4;5;4;5;4;4;4;5;7;6;6;7;7;6;5;7;6;6;5;5
322;2;6;2;22;Education;2;3;Kahoot;1;3;4;4;2;4;5;4;3;5;1;5;4;2;4;3;4;3;4;4;4;3;4;3;3;3;5;5;3;4;4;4;3;4;6;7;7;7;6;4;5;6;5
323;2;6;2;19;Communications;3;2;Canvas;3;5;5;2;1;2;4;4;3;2;2;5;3;1;1;2;3;3;1;4;3;3;4;2;1;4;5;5;5;4;4;4;5;4;2;6;7;7;6;7;7;7;6
324;2;6;2;29;English;5;3;Google Docs;2;3;4;2;3;2;4;4;2;1;2;3;3;2;2;1;3;1;2;1;1;1;1;1;1;3;3;3;3;3;4;4;4;5;2;1;1;4;4;4;4;1;1
325;2;6;1;26;Medicine;4;2;quizlet;3;4;4;4;1;2;2;3;2;2;2;3;3;1;4;2;4;2;2;1;1;1;4;2;3;1;1;1;3;2;2;1;1;1;7;4;4;4;4;4;4;4;2
326;2;6;1;21;Genetics;1;2;RStudio;2;5;5;1;1;1;5;5;1;1;1;5;5;1;1;1;5;5;1;1;1;1;4;1;1;1;1;1;1;1;1;1;1;1;1;7;7;7;7;7;7;7;7
327;2;6;2;22;Nursing;4;4;ATI;3;4;5;2;1;1;4;5;1;1;1;5;5;1;1;1;4;4;1;2;2;2;4;1;3;4;5;4;3;4;4;5;5;6;3;6;7;6;7;7;7;7;7
328;2;6;1;28;Cell Biology;1;4;Endnote;2;4;4;5;5;4;4;3;1;1;1;4;3;1;1;2;1;2;2;4;3;3;1;2;2;3;2;2;5;4;4;7;6;6;2;5;5;6;7;6;6;7;6
329;2;6;2;38;criminal justice psycology;2;3;google docs/;3;4;4;4;4;4;2;2;2;3;3;4;4;1;1;2;2;3;3;3;3;3;3;3;3;3;3;3;3;2;2;3;3;1;2;7;5;5;4;4;6;6;4
330;2;6;1;18;Computer Engineering;1;1;Kahoot;3;5;5;1;5;1;5;5;2;3;3;5;5;1;5;1;1;5;5;5;5;5;2;2;2;5;5;5;5;5;5;7;7;7;2;1;7;1;7;1;1;1;1
331;2;6;2;18;Economics;3;12;Khan Academy;3;4;4;3;3;3;3;3;3;3;3;4;4;2;2;2;2;2;2;2;2;4;2;2;2;4;4;4;4;4;4;5;5;5;2;6;6;6;6;6;6;6;6
332;2;6;2;21;Psychology;2;4;Google Docs;1;4;4;2;2;2;4;4;2;3;2;4;4;2;2;2;3;2;2;2;2;2;3;2;3;3;3;3;4;4;3;4;4;4;2;5;5;5;5;5;5;5;3
333;2;6;1;19;Political Science;5;2;Google Docs;3;5;5;1;4;1;5;5;1;1;1;5;5;1;1;1;1;4;4;4;3;4;1;1;1;3;3;3;5;5;4;7;6;7;1;6;6;6;6;6;7;7;7
334;2;6;2;21;communications;3;3;google docs;3;5;5;1;1;1;5;5;1;1;1;5;5;1;1;1;1;2;1;2;2;2;1;1;1;4;4;4;4;4;4;4;4;4;3;7;7;7;7;7;7;7;7
335;2;6;2;25;Sociology;2;2;Google Docs;3;5;5;1;1;1;5;5;1;1;1;5;5;1;1;1;1;1;1;5;5;5;1;1;1;5;5;5;5;5;5;7;7;7;1;1;7;1;4;1;2;1;1
336;2;6;2;21;Education;2;3;Quizlet;3;4;2;3;4;1;2;4;3;5;4;2;3;4;4;2;2;4;3;1;2;5;4;4;2;3;2;4;5;4;4;2;3;6;5;2;2;6;5;6;4;5;2
337;2;6;1;22;Accounting;3;4;Google Docs;3;5;5;1;1;1;5;5;1;1;1;5;5;2;2;2;3;1;1;2;2;2;2;2;2;4;4;4;4;4;4;6;6;6;2;5;5;5;3;5;4;5;4
338;2;6;2;32;psychology;2;1;google docs;3;4;4;3;3;3;3;4;3;2;3;3;4;3;2;4;3;3;3;4;3;2;3;3;3;3;3;4;4;4;3;5;4;4;4;5;5;4;4;5;5;4;6
339;2;6;1;22;Computer Programming;1;2;Mathway;3;5;5;4;2;1;5;5;2;1;1;5;5;1;1;1;2;1;2;1;2;2;2;2;1;4;5;5;4;4;3;6;6;7;3;5;6;3;7;4;5;6;5
340;2;6;1;21;Business;3;4;Google Drive;3;5;5;2;2;2;4;4;2;1;2;5;5;1;1;1;2;4;2;3;3;3;1;1;1;4;4;4;4;4;4;6;3;6;3;6;6;5;5;6;6;6;6
341;2;6;2;22;Biology;1;4;Kahoot, Quizlet,Powe;3;5;5;1;1;1;5;5;1;1;1;5;5;1;2;1;1;3;1;1;1;1;2;1;1;3;3;3;4;5;5;7;7;7;1;7;6;6;5;7;7;7;5
342;2;6;1;29;Psychology;2;3;Google Docs;3;4;4;2;2;2;4;4;2;2;2;4;4;2;2;2;2;3;2;3;2;2;2;2;2;4;4;4;4;4;4;5;5;5;2;6;6;5;5;6;5;5;5
343;2;6;2;24;Computer Science;1;1;quizlet;1;4;4;1;1;1;5;3;1;1;1;4;5;1;1;1;1;1;1;2;1;2;1;1;1;5;3;3;5;4;4;6;7;6;2;2;5;3;3;4;4;2;4
344;2;6;2;21;Biology;1;3;TopHat;3;3;3;2;3;2;4;4;2;2;2;3;4;2;1;3;4;4;3;1;1;1;2;2;2;3;4;3;3;3;3;4;4;4;3;4;4;3;5;4;5;5;4
345;2;6;1;22;Computer Science;1;4;Khan Academy;3;5;5;1;1;1;4;4;1;1;1;5;5;2;2;1;2;1;1;4;3;4;2;1;1;5;5;5;5;5;5;7;7;7;1;6;6;5;5;7;6;4;4
346;2;6;2;23;Computer Science;1;1;codeacademy;3;4;4;2;2;2;4;4;2;1;2;4;4;2;4;2;2;1;3;3;2;4;2;2;2;3;4;3;4;4;4;3;3;4;3;5;5;5;5;6;5;6;6
347;2;6;2;24;Business;3;6;Google Docs, Cengage;2;5;5;2;1;1;4;4;1;1;1;5;5;1;1;1;1;1;1;4;4;4;1;1;1;4;4;4;4;4;4;4;4;3;6;6;6;6;6;6;6;6;4
348;2;6;2;24;Nursing;4;3;Quizlet;3;5;5;1;1;1;5;5;1;1;1;5;5;1;1;1;1;1;1;5;5;5;1;1;1;5;5;5;5;5;5;7;7;7;1;7;7;7;7;7;7;7;7
349;2;6;2;19;Global Health;4;1;Google Docs;2;5;5;1;1;1;4;4;1;1;1;4;4;1;1;1;1;1;1;1;1;2;1;1;1;3;3;3;4;3;3;5;6;5;3;4;4;5;5;5;5;5;5
350;2;6;1;18;Biology;1;1;Kahoot;3;5;5;1;1;1;5;5;1;1;1;5;5;1;1;1;1;3;1;1;1;1;1;1;1;3;3;3;5;3;3;7;6;5;1;4;3;1;4;3;2;1;4
351;2;6;1;19;Psychology;2;3;Kahoot, Google Docs,;3;5;5;2;1;1;5;5;2;2;1;5;5;1;1;1;1;3;1;1;1;1;1;1;1;5;4;4;5;5;5;7;4;7;3;6;6;7;6;7;6;7;5
352;2;6;1;22;Computer Science;1;2;Quizlet;3;5;4;1;1;1;5;4;1;1;1;5;4;2;1;1;2;1;1;4;2;4;1;1;1;5;4;5;5;5;5;7;6;7;2;6;5;6;6;6;5;5;4
353;2;6;2;19;Digital Media Production;7;1;Google Docs;3;4;4;1;1;1;5;4;1;4;1;4;4;1;1;1;1;4;1;2;2;2;1;1;1;4;4;4;4;4;4;5;5;5;3;5;6;3;5;5;5;5;5
354;2;6;2;22;Communication;3;4;Quizlet;3;5;5;1;1;1;5;5;1;1;1;5;5;1;1;1;3;4;1;1;1;3;1;1;1;4;5;4;4;5;4;6;6;6;2;6;7;6;7;6;7;6;6
355;2;6;2;18;Graphic Design;7;2;Google Docs;1;5;5;3;2;1;5;4;4;2;4;4;5;2;3;4;4;5;2;4;1;2;3;1;3;3;4;4;4;5;4;4;2;6;6;4;5;4;4;6;5;4;5
356;2;6;2;31;Business Management;3;3;Google Docs;3;4;4;2;2;2;5;4;1;1;1;4;4;1;1;1;2;3;2;3;3;3;2;1;1;4;4;4;5;5;4;5;4;5;3;5;6;3;6;4;5;4;5
357;2;6;2;28;English;5;2;Coursera, google doc;2;5;4;1;5;5;5;4;1;4;5;5;5;2;2;1;1;1;1;5;5;2;1;1;5;5;5;4;5;4;4;6;6;6;6;6;6;6;6;6;6;7;6
358;2;6;1;21;English;5;2;Google Docs;3;4;5;3;2;2;4;4;2;2;2;4;4;2;2;1;4;4;2;2;3;2;2;2;2;3;2;2;4;4;2;4;4;3;5;3;5;5;2;5;4;4;5
359;2;6;2;20;Human Resources;2;2;Google Docs;3;5;5;2;2;1;5;5;1;1;1;5;5;1;1;1;1;1;1;1;1;1;1;1;1;3;3;3;5;5;3;1;4;2;4;7;7;7;7;7;7;7;7
360;2;6;2;27;Computer Information System;1;4;Google Docs;4;5;5;1;2;1;4;4;1;1;1;4;4;1;1;1;1;2;1;1;2;1;1;1;1;4;5;3;5;4;4;5;5;6;1;6;5;6;6;7;7;6;7
361;2;6;2;29;Graphic Design;7;3;Google Docs;3;5;5;2;2;1;4;4;1;1;1;5;5;1;1;1;3;1;1;2;3;2;1;1;1;4;4;3;3;3;4;3;3;3;6;5;6;5;5;6;5;6;6
362;2;6;2;23;National Security;6;2;Google Docs;3;5;5;1;2;1;4;4;2;2;2;5;5;1;1;1;1;2;2;3;2;1;1;1;1;3;4;4;4;4;3;4;3;4;3;5;4;6;6;6;5;5;6
363;2;6;1;20;Meteorology;1;3;RStudio;2;4;2;3;3;3;2;3;3;2;3;3;2;1;4;3;2;3;3;2;3;2;1;3;3;2;3;3;3;3;3;4;2;4;4;4;6;5;5;5;7;6;6
364;2;6;1;25;Information Technology;1;5;Google Docs;2;5;5;1;2;1;4;4;1;1;1;5;4;2;1;1;1;2;1;2;2;1;3;2;2;3;4;3;4;4;3;6;5;6;2;6;6;5;6;5;5;5;6
365;2;6;1;22;Computer Science;1;4;Quizlet;3;5;5;1;1;1;5;5;1;1;1;3;4;1;1;1;1;1;1;1;1;1;1;1;1;5;5;5;5;5;5;4;4;4;2;7;7;5;7;6;7;7;6
366;2;6;1;21;Software Engineering;1;3;Visual Studio Code;2;4;4;3;4;3;4;5;2;2;2;4;4;2;3;3;1;3;1;3;2;2;1;1;2;4;4;4;4;4;4;4;6;6;1;6;5;5;6;5;6;6;6
367;2;6;2;22;Computer Information Systems;1;3;Google Docs;1;5;5;2;1;1;4;4;2;1;1;4;3;1;1;1;2;3;2;2;1;3;1;2;1;4;4;3;4;5;4;4;6;5;2;6;5;6;5;7;6;5;6
368;2;6;1;22;Zoo Science;4;4;Kahoot;3;5;5;2;1;1;3;4;2;1;1;3;3;2;4;4;5;5;3;1;2;3;4;2;2;4;5;5;3;4;5;4;5;5;3;5;4;3;4;5;4;5;4
369;2;6;1;18;computer science;1;1;google docs;3;5;4;2;5;2;5;5;2;2;1;5;5;2;2;2;4;2;1;1;4;3;2;1;1;4;4;3;5;5;4;6;7;6;2;6;4;3;4;6;4;4;6
370;2;6;1;34;Secondary Education;2;3;WGU App;1;4;4;2;2;2;4;4;2;2;2;4;4;2;2;2;2;2;2;2;2;2;2;2;2;3;3;3;4;3;3;4;4;5;4;4;5;5;5;5;4;4;4
371;2;6;2;20;Accounting;3;2;Kahoot;1;5;5;2;2;2;4;4;2;2;2;4;4;2;2;2;4;4;2;2;2;2;1;2;2;2;2;3;3;4;4;3;4;4;4;3;4;4;3;4;5;4;4
372;2;6;2;23;Communications;3;4;Google Docs;3;5;5;1;2;1;5;5;1;1;1;5;5;1;2;1;1;1;1;1;5;5;1;1;1;4;3;4;5;5;2;7;7;7;2;5;6;4;5;4;6;3;4
373;2;6;1;24;I.T.;1;2;Cisco Packet Tracer;2;4;4;3;2;3;5;4;1;1;1;5;5;3;1;4;4;4;3;4;4;4;3;1;1;4;4;3;5;5;4;7;7;7;2;6;5;5;6;5;6;6;6
374;2;6;2;21;BIOCHEM;1;2;quizlet;3;5;5;1;1;1;5;5;3;2;2;5;5;1;1;1;1;1;1;4;4;4;3;1;1;4;4;4;5;4;4;7;6;6;1;5;4;5;6;6;5;6;6
375;2;6;1;21;Psychology;2;3;Quizlet;3;5;5;1;1;1;5;5;4;4;4;5;5;1;1;1;1;1;1;1;1;1;1;1;1;4;4;4;4;4;3;5;6;6;1;1;6;1;5;5;1;2;6
376;1;8;1;23;Sammenliknende politikk;2;5;Kahoot;3;4;4;1;1;1;5;4;1;1;1;5;5;1;1;3;1;3;1;1;3;4;2;2;2;4;4;4;4;4;5;5;5;5;2;6;6;6;7;7;6;6;7
377;1; ;1;22;Finance;3;3,5;Canvas;2;4;4;2;2;2;5;4;2;1;1;4;5;2;1;1;2;3;1;3;3;3;2;2;1;4;3;3;5;4;4;5;6;5;5;7;7;6;6;7;6;6;6
378;1;8;2;26;Samfunnsøkonomi;3;6;Kahoot, Coursera;2;5;4;1;1;1;5;5;4;3;4;5;5;2;2;4;4;2;1;3;4;3;1;3;2;5;4;4;5;5;5;6;6;6;3;7;7;7;6;7;7;4;5
379;1;8;2;23;Economics;3;3,5;RStudio;2;2;2;3;3;2;5;4;1;1;1;4;4;1;2;2;4;4;3;2;4;3;5;2;4;4;2;3;5;5;5;7;6;7;1;7;7;7;6;7;7;7;7
380;1;8;2;21;Economics;3;2,5;Kahoot;3;4;5;1;2;1;3;4;1;3;2;3;3;1;2;1;4;2;3;4;1;2;1;1;1;3;3;3;3;2;2;3;3;2;5;6;6;6;5;6;6;7;7
381;1;8;2;23;Economics;3;4;Google Docs;3;4;4;3;3;2;5;3;3;3;3;4;3;2;3;3;2;2;1;3;3;3;3;3;3;3;3;3;4;4;3;3;3;4;3;6;6;6;6;6;6;6;6
382;1;8;2;22;Economics;3;3;Kahoot, Google;3;2;5;1;1;1;4;3;2;2;2;4;4;2;1;2;1;2;4;3;4;5;2;1;1;4;4;5;4;4;5;4;4;4;5;6;7;7;6;7;6;7;7
383;1;8;1;23;Finance;3;4;RStudio;2;3;3;4;2;3;5;3;1;1;1;4;4;2;1;2;2;3;3;3;4;4;3;2;2;4;4;3;5;5;4;6;6;7;2;7;6;5;5;7;6;7;7
384;1;8;1;24;Samfunnsøkonomi;3;4;Kahoot;3;5;4;2;2;5;4;3;1;1;4;4;4;2;2;1;2;4;2;4;3;2;2;1;2;4;4;4;5;4;5;6;4;5;2;6;5;6;6;6;6;5;6
385;1;8;1;22;Economics;3;2,5;Excel;2;5;5;3;1;2;5;4;2;1;2;5;5;1;1;3;1;1;5;4;4;4;1;1;1;5;2;4;5;5;5;7;7;7;1;7;7;7;5;6;5;5;6
386;1;8;1;24;Economics;3;4,5;Kahoot;3;5;5;1;1;1;4;5;3;1;2;4;5;1;2;2;3;3;4;4;4;4;1;1;1;4;3;4;4;4;4;6;5;4;3;6;6;5;5;6;7;7;7
387;1;8;1;22;Economics;3;2,5;Canvas;4;4;4;1;1;1;5;4;2;2;2;5;4;2;2;1;1;1;1;1;1;1;3;2;2;3;3;3;5;4;4;5;5;6;2;6;6;7;5;7;6;7;6
388;1;8;2;23;Medicine;4;4,5;Slack;1;5;4;1;3;1;5;5;3;2;2;5;5;1;1;1;1;4;2;2;1;3;1;1;1;5;5;4;5;5;5;6;6;7;2;7;7;7;6;5;7;6;4
389;1;8;2;23;Medicine;4;3;OneNote;2;5;5;3;3;2;5;5;1;1;1;5;4;1;1;4;2;1;5;4;3;3;4;2;2;3;3;2;5;4;4;7;7;7;4;7;7;7;7;6;7;6;6
390;1;8;1;27;Media og Kommunikasjon;2; ;Google Docs;3;4;4;1;2;2;5;4;1;3;2;4;4;1;1;1;1;1;1;1;1;1;2;1;1;1;1;1;5;5;3;5;5;6;3; ; ; ; ;6;4;5;7
391;1;8;2;26;Media og Kommunikasjon;2;6;Mitt UiB;1;4;4;2;4;2;4;4;4;2;2;4;3;2;2;3;3;4;4;1;1;1;2;2;2;3;3;2;5;4;4;4;4;3;5;6;6;6;6;7;7;7;7
392;1;8;2;25;Biology;1;5,5;MittUiB;3;5;5;4;2;2;5;3;3;2;1;4;4;2;1;1;1;1;1;3;3;3;2;2;3;3;3;3;4;4;4;6;6;6;4;7;7;7;7;7;7;7;7
393;1;8;2;25;Medicine;4;5;MittUiB;3;4;4;2;2;2;5;5;3;2;2;4;4;1;1;3;2;3;2;2;2;2;3;2;2;4;3;3;5;3;3;4;3;3;3;7;7;7;7;7;7;7;7
394;1;8;2;24;Medicine;4;5;MittUiB;3;4;4;2;2;2;4;3;2;4;2;5;5;2;1;2;2;4;4;1;1;1;1;1;1;2;2;2;4;2;4;4;4;3;3;7;7;7;7;7;7;7;7
395;1;8;2;25;Biology;1;5,5;RStudio;2;3;3;5;5;5;4;4;4;3;2;4;4;4;2;3;3;3;4;4;4;4;4;5;5;5;1;2;5;5;5;5;4;5;3;3;5;5;5;4;4;4;3
396;1;8;2;23;Biology;1;3,5;Mendeley;4;4;3;2;3;3;5;4;3;1;1;4;4;3;2;3;3;2;1;1;1;1;3;3;2;3;3;3;5;5;3;4;4;4;4;6;6;6;6;6;6;6;6
397;1;8;2;25;Biology;1;4,5;MittUiB;3;3;4;2;2;2;3;3;4;4;4;4;4;1;1;4;4;5;5;1;1;1;3;4;3;1;1;1;4;2;2;4;3;4;4;6;6;6;6;5;6;4;5
398;1;8;1;21;Informatikk;1;,5;MittUiB;3;4;4;2;3;2;4;4;3;2;3;4;4;2;2;2;4;3;3;2;1;1;1;1;2;4;4;4;5;4;4;5; ; ; ; ; ; ; ; ; ; ; 
399;1;8;1;26;Biology;1;1,5;MittUiB;3;4;4;2;2;1;5;4;2;1;1;4;4;1;1;1;1;1;1;2;3;4;2;2;2;3;2;2;5;5;4;4;6;6;1;7;7;7;7;5;6;7;6
400;1;8;1;25;Biology;1;5,5;MittUiB, Kahoot;3;3;3;2;3;2;4;4;3;2;2;5;4;2;2;3;4;3;2;3;4;3;3;2;4;3;3;3;4;4;3;5;5;6;2;5;5;6;6;6;5;5;5
401;1;8;2;24;Biology;1;4,5;Rstudio;2;3;2;5;4;5;5;2;1;1;1;2;1;5;1;4;3;4;1;4;4;4;4;4;3;4;1;1;5;4;4;4;4;5;2;7;7;7;6;7;6;6;7
402;1;8;2;22;Biology;1;3,5;MittUiB;3;5;5;2;1;1;5;5;1;1;1;5;5;1;1;1;1;5;1;1;3;3;1;1;1;5;4;3;5;5;5;6;7;7;1;7;7;7;7;7;7;7;7
403;1;8;1;25;Biology;1;4;MittUiB, Endnote;2;5;5;2;2;1;4;3;2;1;1;4;3;2;2;1;1;2;2;2;2;4;2;2;3;4;3;4;5;5;5;5;6;6;3;7;6;6;5;6;6;4;6
404;1;8;2;22;Sociology;2;2,5;Kahoot;1;3;5;1;3;1;2;4;2;3;3;2;1;4;3;2;2;4;4;4;4;4;3;3;2;3;4;3;1;2;2;2;2;2;7;6;6;7;7;7;6;6;7
405;1;8;1;26;Biology;1;5,5;MittUiB, Facebook;3;4;5;2;2;2;4;4;2;2;2;4;4;2;1;2;3;3;1;2;2;2;2;2;2;3;3;3;5;4;4;6;6;4;3;5;7;6;6;6;5;4;4
406;1;8;1;24;Informasjonsvitenskap;2;2;MittUiB;3;3;3;2;2;2;3;3;3;2;3;3;3;3;3;2;4;2;2;1;1;1;3;2;3;2;3;3;3;3;3;3;3;3;4;3;5;4;4;5;4;4;4
407;1;8;1;23;Biology;1;3,5;PollEv;3;5;5;1;1;1;3;3;1;2;2;5;4;1;1;2;3;2;3;1;1;1;1;1;1;3;2;4;4;4;4;3;3;3;5;6;7;7;7;7;7;7;7
408;1;8;2;24;Media og Kommunikasjon;3;5;Google Docs;2;4;5;1;3;1;4;3;3;3;3;4;4;2;1;1;1;2;3;3;3;3;3;3;2;3;3;3;4;4;4;5;5;5;5;6;6;6;6;6;6;7;6
409;1;8;1;21;Informasjonsvitenskap;2;1,5;Google Docs;2;4;4;2;1;1;4;4;1;1;1;5;5;1;1;1;1;2;1;1;1;1;1;1;1;5;4;3;5;4;3;4;5;5;3;7;7;5;5;6;5;6;6
410;1;8;2;23;Psychology;2;4,5;MittUiB, Kahoot;3;5;4;1;1;1;5;5;1;1;1;5;5;1;5;1;1;5;5;1;3;3;5;1;1;1;4;4;5;5;5;7;7;7;7;7;7;7;7;7;7;7;7
411;1;8;1;25;Informasjonsvitenskap;2;6;MittUiB, Youtube;3;5;5;2;3;3;4;4;2;1;1;4;3;3;2;2;2;1;1;3;3;3;2;2;2;3;3;3;4;4;4;7;7;7;1;7;7;7;7;7;6;7;7
412;1;8;2;24;Sociology;2;3,5;Ordnett;3;4;5;1;2;1;5;3;1;1;1;5;5;1;1;3;5;1;3;2;2;2;2;1;2;4;4;3;5;5;2;7;7;5;5;4;6;6;4;6;5;2;4
413;1;8;2;23;Biology;1;3,5;Kahoot;3;4;5;1;1;5;3;5;1;3;3;4;4;2;1;3;3;4;3;2;4;5;4;1;2;5;3;4;4;4;5;5;4;3;5;7;7;7;7;7;7;5;7
414;1;8;1;33;Sociology;2;2,5;MittUiB, Kahoot;3;4;4;1;2;2;4;3;3;4;2;3;3;2;2;4;4;4;1;3;3;2;3;4;4;1;1;1;2;2;1;2;2;2;6;4;6;5;5;7;5;5;5
415;1;8;1;23;Biology;1;3,5;MittUiB;3;3;3;4;4;4;4;3;3;2;2;4;3;2;2;3;3;4;3;4;2;2;3;3;3;3;2;2;4;3;3;4;3;4;4;6;6;6;5;5;5;5;5
416;1;8;2;22;Media og kommunikasjon;2;4;MittUiB, Kahoot;3;5;5;1;1;1;5;5;1;1;1;5;5;1;1;1;1;1;1;5;5;5;3;1;1;3;3;3;5;5;5;4;4;7;4;7;7;7;5;7;5;5;5
417;1;8;2;25;Medicine;4;6,5;MittUiB;3;4;4;3;2;2;4;4;3;2;2;4;4;2;2;3;2;4;3;1;1;1;1;1;1;3;3;3;4;4;4;2;1;1;7;7;7;7;7;7;7;7;7
418;1;8;1;29;Psychology;2;8;Matlab;2;4;4;2;5;2;5;3;4;2;2;5;4;2;2;5;3;2;4;5;5;5;5;5;5;5;3;3;5;5;5;7;7;7;1;5;6;4;5;5;3;2;6
419;1;8;2;29;Psychology;2;6;Google Docs;3;5;4;1;1;1;3;4;1;1;1;3;4;1;1;1;1;1;1;3;3;3;1;1;1;4;3;3;4;4;3;3;3;3;5;7;7;7;7;7;7;6;7
420;1;8;2;25;Biology;1;3,5;MittUiB;3;5;5;1;1;1;4;5;1;1;1;5;5;1;1;1;1;1;1;1;1;1;1;1;1;4;3;3;5;5;3;6;6;6;2;5;6;5;5;5;6;6;6
421;1;8;1;24;Sammenliknende politikk;2;4;MittUiB;3;5;5;1;1;1;1;1;1;1;1;5;5;1;1;1;1;1;1;1;1;1;3;1;1;5;5;5;1;5;1;4;1;1;1;7;7;7;7;7;7;7;7
422;1;8;2;22;Biology;1;3,5;Kahoot;3;4;5;1;1;1;4;4;1;2;2;5;5;2;1;1;1;1;1;2;2;2;3;1;4;4;2;3;4;4;5;4;4;4;3;6;6;6;6;6;6;6;6
423;1;8;2;24;Sociology;2;3,5;MittUiB;3;4;5; ;1;1;3;2;1;1;1;3;2;2;2;4;5;5;5;1;1;1;4;4;4;2;4;2;5;3;3;4;4;4;4;7;7;7;7;7;7;7;7
424;1;8;2;23;Biology;1;5;Kahoot;3;4;1;2;2;4;5;4;4;3;3;3;3;3;3;4;4;1;1;1;2;2;3;2;2;4;4;4;5;3;1;1;2;2;2;5;6;7;7;7;7;4;6
425;1;8;2;28;Biology;1;5;MittUiB, Kahoot;3;4;4;3;3;3;4;3;5;4;4;4;3;3;3;4;3;2;2;2;2;2;5;3;3;4;1;1;4;4;3;3;3;5;7;6;6;7;7;6;6;2;7
426;1;8;2;25;Informasjonsvitenskap;2;4,5;MittUiB, Kahoot;3;4;4;3;3;3;4;4;3;2;2;3;3;3;2;2;3;2;2;2;2;2;3;3;2;3;2;2;4;4;3;5;6;6;3;6;7;6;6;6;5;5;5
